test_id,varied_index,varied_value,primal_manual_vs_original,primal_herbie_vs_original,primal_manual_vs_herbie,first_manual_vs_original,first_herbie_vs_original,first_manual_vs_herbie,second_manual_vs_original,second_herbie_vs_original,second_manual_vs_herbie
0,3,-0.01,0,0,0,0,0,0,0,0,0
1,3,-0.0093744087876629651,0,0,0,0,0,0,0,0,0
2,3,-0.0087879540118212807,0,0,0,0,0,0,0,0,0
3,3,-0.0082381873313996188,0,0,0,0,0,0,0,0,0
4,3,-0.0077228135713886458,0,0,0,0,0,0,0,0,0
5,3,-0.0072396811409108685,0,0,0,0,0,0,0,0,0
6,3,-0.0067867730507232835,0,0,0,0,0,0,0,0,0
7,3,-0.0063621984926574898,0,0,0,0,0,0,0,0,0
8,3,-0.0059641849458424573,0,0,0,0,0,0,0,0,0
9,3,-0.0055910707767552817,0,0,0,0,0,0,0,0,0
10,3,-0.0052412983022060615,0,0,0,0,0,0,0,0,0
11,3,-0.0049134072862963589,0,0,0,0,0,0,0,0,0
12,3,-0.0046060288442023927,0,0,0,0,0,0,0,0,0
13,3,-0.0043178797273320246,0,0,0,0,0,0,0,0,0
14,3,-0.0040477569659973182,0,0,0,0,0,0,0,0,0
15,3,-0.0037945328472369323,0,0,0,0,0,0,0,0,0
16,3,-0.0035571502068213875,0,0,0,0,0,0,0,0,0
17,3,-0.0033346180157863619,0,0,0,0,0,0,0,0,0
18,3,-0.0031260072430686976,0,0,0,0,0,0,0,0,0
19,3,-0.0029304469769721344,0,0,0,0,0,0,0,0,0
20,3,-0.0027471207892708102,0,0,0,0,0,0,0,0,0
21,3,-0.002575263326771196,0,0,0,0,0,0,0,0,0
22,3,-0.0024141571161030114,0,0,0,0,0,0,0,0,0
23,3,-0.002263129568399528,0,0,0,0,0,0,0,0,0
24,3,-0.0021215501713624475,0,0,0,0,0,0,0,0,0
25,3,-0.001988827856988804,0,0,0,0,0,0,0,0,0
26,3,-0.0018644085339704851,0,0,0,0,0,0,0,0,0
27,3,-0.001747772774464678,0,0,0,0,0,0,0,0,0
28,3,-0.0016384336455779794,0,0,0,0,0,0,0,0,0
29,3,-0.0015359346765108966,0,0,0,0,0,0,0,0,0
30,3,-0.0014398479528760053,0,0,0,0,0,0,0,0,0
31,3,-0.0013497723302339385,0,0,0,0,0,0,0,0,0
32,3,-0.0012653317593889423,0,0,0,0,0,0,0,0,0
33,3,-0.0011861737164524766,0,0,0,0,0,0,0,0,0
34,3,-0.0011119677311206958,0,0,0,0,0,0,0,0,0
35,3,-0.0010424040070215559,0,0,0,0,0,0,0,0,0
36,3,-0.00097719212837179821,0,0,0,0,0,0,0,0,0
37,3,-0.00091605984754436812,0,0,0,0,0,0,0,0,0
38,3,-0.00085875194848451699,0,0,0,0,0,0,0,0,0
39,3,-0.00080502918122959673,0,0,0,0,0,0,0,0,0
40,3,-0.00075466726308438695,0,0,0,0,0,0,0,0,0
41,3,-0.00070745594228198763,0,0,0,0,0,0,0,0,0
42,3,-0.00066319812022126625,0,0,0,0,0,0,0,0,0
43,3,-0.00062170902861638109,0,0,0,0,0,0,0,0,0
44,3,-0.00058281545812308426,0,0,0,0,0,0,0,0,0
45,3,-0.00054635503522148696,0,0,0,0,0,0,0,0,0
46,3,-0.00051217554433642264,0,0,0,0,0,0,0,0,0
47,3,-0.00048013429236534505,0,0,0,0,0,0,0,0,0
48,3,-0.00045009751296080398,0,0,0,0,0,0,0,0,0
49,3,-0.00042193980808050152,0,0,0,0,0,0,0,0,0
50,3,-0.0003955436244734701,0,0,0,0,0,0,0,0,0
51,3,-0.00037079876291681656,0,0,0,0,0,0,0,0,0
52,3,-0.00034760191815419694,0,0,0,0,0,0,0,0,0
53,3,-0.00032585624761532253,0,0,0,0,0,0,0,0,0
54,3,-0.00030547096711599651,0,0,0,0,0,0,0,0,0
55,3,-0.00028636097185081081,0,0,0,0,0,0,0,0,0
56,3,-0.00026844648109619634,0,0,0,0,0,0,0,0,0
57,3,-0.00025165270514053884,0,0,0,0,0,0,0,0,0
58,3,-0.00023590953305086294,0,0,0,0,0,0,0,0,0
59,3,-0.00022115123997254888,0,0,0,0,0,0,0,0,0
60,3,-0.00020731621274012278,0,0,0,0,0,0,0,0,0
61,3,-0.0001943466926536016,0,0,0,0,0,0,0,0,0
62,3,-0.00018218853434651667,0,0,0,0,0,0,0,0,0
63,3,-0.00017079097973894255,0,0,0,0,0,0,0,0,0
64,3,-0.00016010644613183138,0,0,0,0,0,0,0,0,0
65,3,-0.00015009032755797358,0,0,0,0,0,0,0,0,0
66,3,-0.00014070080856026833,0,0,0,0,0,0,0,0,0
67,3,-0.00013189868961986669,0,0,0,0,0,0,0,0,0
68,3,-0.00012364722350537152,0,0,0,0,0,0,0,0,0
69,3,-0.0001159119618598884,0,0,0,0,0,0,0,0,0
70,3,-0.00010866061138545946,0,0,0,0,0,0,0,0,0
71,3,-0.00010186289902446874,0,0,0,0,0,0,0,0,0
72,3,-9.5490445575180711e-05,0,0,0,0,0,0,0,0,0
73,3,-8.9516647213782813e-05,0,0,0,0,0,0,0,0,0
74,3,-8.3916564428301583e-05,0,0,0,0,0,0,0,0,0
75,3,-7.8666817900715751e-05,0,0,0,0,0,0,0,0,0
76,3,-7.3745490902595354e-05,0,0,0,0,0,0,0,0,0
77,3,-6.9132037796781304e-05,0,0,0,0,0,0,0,0,0
78,3,-6.4807198263119631e-05,0,0,0,0,0,0,0,0,0
79,3,-6.0752916890160602e-05,0,0,0,0,0,0,0,0,0
80,3,-5.6952267797128256e-05,0,0,0,0,0,0,0,0,0
81,3,-5.3389383971473479e-05,0,0,0,0,0,0,0,0,0
82,3,-5.0049391027009432e-05,0,0,0,0,0,0,0,0,0
83,3,-4.6918345106077986e-05,0,0,0,0,0,0,0,0,0
84,3,-4.3983174666502204e-05,0,0,0,0,0,0,0,0,0
85,3,-4.1231625910297427e-05,0,0,0,0,0,0,0,0,0
86,3,-3.8652211626312505e-05,0,0,0,0,0,0,0,0,0
87,3,-3.6234163233231462e-05,0,0,0,0,0,0,0,0,0
88,3,-3.3967385822722006e-05,0,0,0,0,0,0,0,0,0
89,3,-3.1842416015046425e-05,0,0,0,0,0,0,0,0,0
90,3,-2.9850382451187287e-05,0,0,0,0,0,0,0,0,0
91,3,-2.7982968756551108e-05,0,0,0,0,0,0,0,0,0
92,3,-2.6232378821631144e-05,0,0,0,0,0,0,0,0,0
93,3,-2.4591304254680426e-05,0,0,0,0,0,0,0,0,0
94,3,-2.3052893870517036e-05,0,0,0,0,0,0,0,0,0
95,3,-2.1610725088083706e-05,0,0,0,0,0,0,0,0,0
96,3,-2.0258777117350154e-05,0,0,0,0,0,0,0,0,0
97,3,-1.8991405823619309e-05,0,0,0,0,0,0,0,0,0
98,3,-1.7803320164301086e-05,0,0,0,0,0,0,0,0,0
99,3,-1.6689560099780231e-05,0,0,0,0,0,0,0,0,0
100,3,-1.5645475886160932e-05,0,0,0,0,0,0,0,0,0
101,3,-1.4666708663439637e-05,0,0,0,0,0,0,0,0,0
102,3,-1.3749172258064187e-05,0,0,0,0,0,0,0,0,0
103,3,-1.2889036123908904e-05,0,0,0,0,0,0,0,0,0
104,3,-1.2082709350447729e-05,0,0,0,0,0,0,0,0,0
105,3,-1.1326825671361531e-05,0,0,0,0,0,0,0,0,0
106,3,-1.0618229410993822e-05,0,0,0,0,0,0,0,0,0
107,3,-9.9539623099842051e-06,0,0,0,0,0,0,0,0,0
108,3,-9.3312511750782416e-06,0,0,0,0,0,0,0,0,0
109,3,-8.7474963015544031e-06,0,0,0,0,0,0,0,0,0
110,3,-8.2002606199341059e-06,0,0,0,0,0,0,0,0,0
111,3,-7.6872595216637275e-06,0,0,0,0,0,0,0,0,0
112,3,-7.2063513212930396e-06,0,0,0,0,0,0,0,0,0
113,3,-6.7555283153316238e-06,0,0,0,0,0,0,0,0,0
114,3,-6.3329084004551124e-06,0,0,0,0,0,0,0,0,0
115,3,-5.9367272160691144e-06,0,0,0,0,0,0,0,0,0
116,3,-5.5653307784276317e-06,0,0,0,0,0,0,0,0,0
117,3,-5.2171685755543456e-06,0,0,0,0,0,0,0,0,0
118,3,-4.8907870941395832e-06,0,0,0,0,0,0,0,0,0
119,3,-4.5848237513890829e-06,0,0,0,0,0,0,0,0,0
120,3,-4.2980012064907943e-06,0,0,0,0,0,0,0,0,0
121,3,-4.0291220279513413e-06,0,0,0,0,0,0,0,0,0
122,3,-3.7770636945393563e-06,0,0,0,0,0,0,0,0,0
123,3,-3.5407739089652688e-06,0,0,0,0,0,0,0,0,0
124,3,-3.3192662047331836e-06,0,0,0,0,0,0,0,0,0
125,3,-3.1116158278243523e-06,0,0,0,0,0,0,0,0,0
126,3,-2.9169558760187946e-06,0,0,0,0,0,0,0,0,0
127,3,-2.734473679737577e-06,0,0,0,0,0,0,0,0,0
128,3,-2.5634074092965081e-06,0,0,0,0,0,0,0,0,0
129,3,-2.4030428944069676e-06,0,0,0,0,0,0,0,0,0
130,3,-2.2527106426459773e-06,0,0,0,0,0,0,0,0,0
131,3,-2.1117830444482381e-06,0,0,0,0,0,0,0,0,0
132,3,-1.9796717529513327e-06,0,0,0,0,0,0,0,0,0
133,3,-1.8558252277555159e-06,0,0,0,0,0,0,0,0,0
134,3,-1.7397264323437969e-06,0,0,0,0,0,0,0,0,0
135,3,-1.6308906755493321e-06,0,0,0,0,0,0,0,0,0
136,3,-1.5288635880587281e-06,0,0,0,0,0,0,0,0,0
137,3,-1.4332192255035703e-06,0,0,0,0,0,0,0,0,0
138,3,-1.3435582902208256e-06,0,0,0,0,0,0,0,0,0
139,3,-1.2595064642583562e-06,0,0,0,0,0,0,0,0,0
140,3,-1.180712846666187e-06,0,0,0,0,0,0,0,0,0
141,3,-1.1068484885494121e-06,0,0,0,0,0,0,0,0,0
142,3,-1.0376050197669103e-06,0,0,0,0,0,0,0,0,0
143,3,-9.72693361542615e-07,0,0,0,0,0,0,0,0,0
144,3,-9.1184251961465705e-07,0,0,0,0,0,0,0,0,0
145,3,-8.5479845288403987e-07,0,0,0,0,0,0,0,0,0
146,3,-8.0132301283968684e-07,0,0,0,0,0,0,0,0,0
147,3,-7.5119294933209393e-07,0,0,0,0,0,0,0,0,0
148,3,-7.0419897854492813e-07,0,0,0,0,0,0,0,0,0
149,3,-6.6014490927348725e-07,0,0,0,0,0,0,0,0,0
150,3,-6.1884682386243627e-07,0,0,0,0,0,0,0,0,0
151,3,-5.801323103833371e-07,0,0,0,0,0,0,0,0,0
152,3,-5.4383974284647861e-07,0,0,0,0,0,0,0,0,0
153,3,-5.0981760644204076e-07,0,0,0,0,0,0,0,0,0
154,3,-4.7792386499355924e-07,0,0,0,0,0,0,0,0,0
155,3,-4.4802536798294801e-07,0,0,0,0,0,0,0,0,0
156,3,-4.1999729467152908e-07,0,0,0,0,0,0,0,0,0
157,3,-3.9372263299634762e-07,0,0,0,0,0,0,0,0,0
158,3,-3.6909169106627696e-07,0,0,0,0,0,0,0,0,0
159,3,-3.4600163921850985e-07,0,0,0,0,0,0,0,0,0
160,3,-3.243560807235808e-07,0,0,0,0,0,0,0,0,0
161,3,-3.0406464934670606e-07,0,0,0,0,0,0,0,0,0
162,3,-2.8504263208534252e-07,0,0,0,0,0,0,0,0,0
163,3,-2.6721061550794319e-07,0,0,0,0,0,0,0,0,0
164,3,-2.5049415421744976e-07,0,0,0,0,0,0,0,0,0
165,3,-2.348234600554268e-07,0,0,0,0,0,0,0,0,0
166,3,-2.201331107493029e-07,0,0,0,0,0,0,0,0,0
167,3,-2.0636177678638543e-07,0,0,0,0,0,0,0,0,0
168,3,-1.934519653744039e-07,0,0,0,0,0,0,0,0,0
169,3,-1.8134978041964939e-07,0,0,0,0,0,0,0,0,0
170,3,-1.700046975206714e-07,0,0,0,0,0,0,0,0,0
171,3,-1.5936935303817695e-07,0,0,0,0,0,0,0,0,0
172,3,-1.4939934636052561e-07,0,0,0,0,0,0,0,0,0
173,3,-1.4005305453932173e-07,0,0,0,0,0,0,0,0,0
174,3,-1.312914585212461e-07,0,0,0,0,0,0,0,0,0
175,3,-1.2307798025066642e-07,0,0,0,0,0,0,0,0,0
176,3,-1.1537832996296585e-07,0,0,0,0,0,0,0,0,0
177,3,-1.0816036303107065e-07,0,0,0,0,0,0,0,0,0
178,3,-1.0139394576752911e-07,0,0,0,0,0,0,0,0,0
179,3,-9.5050829621894896e-08,0,0,0,0,0,0,0,0,0
180,3,-8.9104533248214869e-08,0,0,0,0,0,0,0,0,0
181,3,-8.353023195026772e-08,0,0,0,0,0,0,0,0,0
182,3,-7.8304654043011712e-08,0,0,0,0,0,0,0,0,0
183,3,-7.3405983697571886e-08,0,0,0,0,0,0,0,0,0
184,3,-6.8813769864156624e-08,0,0,0,0,0,0,0,0,0
185,3,-6.4508840892676814e-08,0,0,0,0,0,0,0,0,0
186,3,-6.0473224494626286e-08,0,0,0,0,0,0,0,0,0
187,3,-5.6690072712074311e-08,0,0,0,0,0,0,0,0,0
188,3,-5.3143591580532302e-08,0,0,0,0,0,0,0,0,0
189,3,-4.9818975192051466e-08,0,0,0,0,0,0,0,0,0
190,3,-4.6702343883273322e-08,0,0,0,0,0,0,0,0,0
191,3,-4.3780686290381608e-08,0,0,0,0,0,0,0,0,0
192,3,-4.1041805029046969e-08,0,0,0,0,0,0,0,0,0
193,3,-3.8474265772585017e-08,0,0,0,0,0,0,0,0,0
194,3,-3.606734951574022e-08,0,0,0,0,0,0,0,0,0
195,3,-3.3811007824806746e-08,0,0,0,0,0,0,0,0,0
196,3,-3.1695820887261146e-08,0,0,0,0,0,0,0,0,0
197,3,-2.9712958185773287e-08,0,0,0,0,0,0,0,0,0
198,3,-2.7854141632417593e-08,0,0,0,0,0,0,0,0,0
199,3,-2.6111611009174582e-08,0,0,0,0,0,0,0,0,0
200,3,-2.4478091570444375e-08,0,0,0,0,0,0,0,0,0
201,3,-2.29467636723193e-08,0,0,0,0,0,0,0,0,0
202,3,-2.1511234301821654e-08,0,0,0,0,0,0,0,0,0
203,3,-2.0165510387247435e-08,0,0,0,0,0,0,0,0,0
204,3,-1.8903973778192157e-08,0,0,0,0,0,0,0,0,0
205,3,-1.7721357790803583e-08,0,0,0,0,0,0,0,0,0
206,3,-1.6612725220342902e-08,0,0,0,0,0,0,0,0,0
207,3,-1.5573447729261301e-08,0,0,0,0,0,0,0,0,0
208,3,-1.4599186524739781e-08,0,0,0,0,0,0,0,0,0
209,3,-1.3685874245025165e-08,0,0,0,0,0,0,0,0,0
210,3,-1.2829697978941442e-08,0,0,0,0,0,0,0,0,0
211,3,-1.2027083347685112e-08,0,0,0,0,0,0,0,0,0
212,3,-1.1274679582449448e-08,0,0,0,0,0,0,0,0,0
213,3,-1.0569345535579853e-08,0,0,0,0,0,0,0,0,0
214,3,-9.9081365668586322e-09,0,0,0,0,0,0,0,0,0
215,3,-9.2882922501724852e-09,0,0,0,0,0,0,0,0,0
216,3,-8.707224849239895e-09,0,0,0,0,0,0,0,0,0
217,3,-8.1625085142871981e-09,0,0,0,0,0,0,0,0,0
218,3,-7.6518691545708116e-09,0,0,0,0,0,0,0,0,0
219,3,-7.1731749444655962e-09,0,0,0,0,0,0,0,0,0
220,3,-6.7244274234842227e-09,0,0,0,0,0,0,0,0,0
221,3,-6.3037531530712691e-09,0,0,0,0,0,0,0,0,0
222,3,-5.9093958953409555e-09,0,0,0,0,0,0,0,0,0
223,3,-5.5397092811063828e-09,0,0,0,0,0,0,0,0,0
224,3,-5.1931499365902057e-09,0,0,0,0,0,0,0,0,0
225,3,-4.8682710401222696e-09,0,0,0,0,0,0,0,0,0
226,3,-4.563716281924743e-09,0,0,0,0,0,0,0,0,0
227,3,-4.2782142017676105e-09,0,0,0,0,0,0,0,0,0
228,3,-4.0105728808554869e-09,0,0,0,0,0,0,0,0,0
229,3,-3.7596749657854533e-09,0,0,0,0,0,0,0,0,0
230,3,-3.5244730038015811e-09,0,0,0,0,0,0,0,0,0
231,3,-3.3039850698718503e-09,0,0,0,0,0,0,0,0,0
232,3,-3.0972906673313975e-09,0,0,0,0,0,0,0,0,0
233,3,-2.9035268849778108e-09,0,0,0,0,0,0,0,0,0
234,3,-2.7218847945751721e-09,0,0,0,0,0,0,0,0,0
235,3,-2.5516060737271755e-09,0,0,0,0,0,0,0,0,0
236,3,-2.3919798400202365e-09,0,0,0,0,0,0,0,0,0
237,3,-2.2423396832198408e-09,0,0,0,0,0,0,0,0,0
238,3,-2.102060883130151e-09,0,0,0,0,0,0,0,0,0
239,3,-1.9705578015017973e-09,0,0,0,0,0,0,0,0,0
240,3,-1.84728143709963e-09,0,0,0,0,0,0,0,0,0
241,3,-1.7317171337233479e-09,0,0,0,0,0,0,0,0,0
242,3,-1.6233824316122767e-09,0,0,0,0,0,0,0,0,0
243,3,-1.5218250532643833e-09,0,0,0,0,0,0,0,0,0
244,3,-1.4266210152607326e-09,0,0,0,0,0,0,0,0,0
245,3,-1.3373728582124948e-09,0,0,0,0,0,0,0,0,0
246,3,-1.2537079874409174e-09,0,0,0,0,0,0,0,0,0
247,3,-1.1752771174629412e-09,0,0,0,0,0,0,0,0,0
248,3,-1.1017528137883858e-09,0,0,0,0,0,0,0,0,0
249,3,-1.0328281259410264e-09,0,0,0,0,0,0,0,0,0
250,3,-9.6821530599670514e-10,0,0,0,0,0,0,0,0,0
251,3,-9.0764460728853498e-10,0,0,0,0,0,0,0,0,0
252,3,-8.5086315826405624e-10,0,0,0,0,0,0,0,0,0
253,3,-7.9763390679292782e-10,0,0,0,0,0,0,0,0,0
254,3,-7.477346305177581e-10,0,0,0,0,0,0,0,0,0
255,3,-7.0095700911656071e-10,0,0,0,0,0,0,0,0,0
256,3,-6.5710575460362501e-10,0,0,0,0,0,0,0,0,0
257,3,-6.159977960380139e-10,0,0,0,0,0,0,0,0,0
258,3,-5.7746151523598089e-10,0,0,0,0,0,0,0,0,0
259,3,-5.413360302965362e-10,0,0,0,0,0,0,0,0,0
260,3,-5.0747052394904632e-10,0,0,0,0,0,0,0,0,0
261,3,-4.7572361391878794e-10,0,0,0,0,0,0,0,0,0
262,3,-4.459627626819079e-10,0,0,0,0,0,0,0,0,0
263,3,-4.1806372414557397e-10,0,0,0,0,0,0,0,0,0
264,3,-3.9191002494333968e-10,0,0,0,0,0,0,0,0,0
265,3,-3.6739247818020632e-10,0,0,0,0,0,0,0,0,0
266,3,-3.4440872759738198e-10,0,0,0,0,0,0,0,0,0
267,3,-3.2286282025367252e-10,0,0,0,0,0,0,0,0,0
268,3,-3.0266480593956821e-10,0,0,0,0,0,0,0,0,0
269,3,-2.8373036165162006e-10,0,0,0,0,0,0,0,0,0
270,3,-2.6598043955937535e-10,0,0,0,0,0,0,0,0,0
271,3,-2.4934093699518716e-10,0,0,0,0,0,0,0,0,0
272,3,-2.3374238708918137e-10,0,0,0,0,0,0,0,0,0
273,3,-2.1911966875781449e-10,0,0,0,0,0,0,0,0,0
274,3,-2.0541173483530585e-10,0,0,0,0,0,0,0,0,0
275,3,-1.9256135721291901e-10,0,0,0,0,0,0,0,0,0
276,3,-1.8051488792211056e-10,0,0,0,0,0,0,0,0,0
277,3,-1.692220351641032e-10,0,0,0,0,0,0,0,0,0
278,3,-1.5863565335085894e-10,0,0,0,0,0,0,0,0,0
279,3,-1.4871154628089513e-10,0,0,0,0,0,0,0,0,0
280,3,-1.3940828262825739e-10,0,0,0,0,0,0,0,0,0
281,3,-1.3068702297433412e-10,0,0,0,0,0,0,0,0,0
282,3,-1.2251135766041164e-10,0,0,0,0,0,0,0,0,0
283,3,-1.148471547840286e-10,0,0,0,0,0,0,0,0,0
284,3,-1.0766241770454926e-10,0,0,0,0,0,0,0,0,0
285,3,-1.0092715146305696e-10,0,0,0,0,0,0,0,0,0
286,3,-9.4613237558907417e-11,0,0,0,0,0,0,0,0,0
287,3,-8.8694316560146732e-11,0,0,0,0,0,0,0,0,0
288,3,-8.3145678057720513e-11,0,0,0,0,0,0,0,0,0
289,3,-7.7944157504049259e-11,0,0,0,0,0,0,0,0,0
290,3,-7.3068039505294985e-11,0,0,0,0,0,0,0,0,0
291,3,-6.8496967163574342e-11,0,0,0,0,0,0,0,0,0
292,3,-6.4211857090647424e-11,0,0,0,0,0,0,0,0,0
293,3,-6.0194819738272498e-11,0,0,0,0,0,0,0,0,0
294,3,-5.6429084712625107e-11,0,0,0,0,0,0,0,0,0
295,3,-5.289893076098137e-11,0,0,0,0,0,0,0,0,0
296,3,-4.958962013837213e-11,0,0,0,0,0,0,0,0,0
297,3,-4.6487337080202508e-11,0,0,0,0,0,0,0,0,0
298,3,-4.3579130123970167e-11,0,0,0,0,0,0,0,0,0
299,3,-4.0852858039285472e-11,0,0,0,0,0,0,0,0,0
300,3,-3.8297139140462612e-11,0,0,0,0,0,0,0,0,0
301,3,-3.5901303770070605e-11,0,0,0,0,0,0,0,0,0
302,3,-3.3655349755070936e-11,0,0,0,0,0,0,0,0,0
303,3,-3.1549900649580829e-11,0,0,0,0,0,0,0,0,0
304,3,-2.9576166589932462e-11,0,0,0,0,0,0,0,0,0
305,3,-2.7725907598604728e-11,0,0,0,0,0,0,0,0,0
306,3,-2.5991399183829209e-11,0,0,0,0,0,0,0,0,0
307,3,-2.4365400091254594e-11,0,0,0,0,0,0,0,0,0
308,3,-2.2841122073038239e-11,0,0,0,0,0,0,0,0,0
309,3,-2.1412201548157264e-11,0,0,0,0,0,0,0,0,0
310,3,-2.0072673035625642e-11,0,0,0,0,0,0,0,0,0
311,3,-1.8816944249705486e-11,0,0,0,0,0,0,0,0,0
312,3,-1.7639772753140362e-11,0,0,0,0,0,0,0,0,0
313,3,-1.6536244070941767e-11,0,0,0,0,0,0,0,0,0
314,3,-1.5501751173357699e-11,0,0,0,0,0,0,0,0,0
315,3,-1.4531975242368941e-11,0,0,0,0,0,0,0,0,0
316,3,-1.3622867641416434e-11,0,0,0,0,0,0,0,0,0
317,3,-1.2770633013086393e-11,0,0,0,0,0,0,0,0,0
318,3,-1.1971713434189611e-11,0,0,0,0,0,0,0,0,0
319,3,-1.1222773562085052e-11,0,0,0,0,0,0,0,0,0
320,3,-1.0520686710236229e-11,0,0,0,0,0,0,0,0,0
321,3,-9.8625217948687697e-12,0,0,0,0,0,0,0,0,0
322,3,-9.2455310982335517e-12,0,0,0,0,0,0,0,0,0
323,3,-8.6671387973892018e-12,0,0,0,0,0,0,0,0,0
324,3,-8.1249302106140128e-12,0,0,0,0,0,0,0,0,0
325,3,-7.6166417165528747e-12,0,0,0,0,0,0,0,0,0
326,3,-7.1401513040133745e-12,0,0,0,0,0,0,0,0,0
327,3,-6.6934697129586539e-12,0,0,0,0,0,0,0,0,0
328,3,-6.2747321297115645e-12,0,0,0,0,0,0,0,0,0
329,3,-5.8821904016999372e-12,0,0,0,0,0,0,0,0,0
330,3,-5.5142057392402755e-12,0,0,0,0,0,0,0,0,0
331,3,-5.1692418738915886e-12,0,0,0,0,0,0,0,0,0
332,3,-4.8458586448164785e-12,0,0,0,0,0,0,0,0,0
333,3,-4.5427059863740406e-12,0,0,0,0,0,0,0,0,0
334,3,-4.2585182918434056e-12,0,0,0,0,0,0,0,0,0
335,3,-3.9921091297480385e-12,0,0,0,0,0,0,0,0,0
336,3,-3.742366290721964e-12,0,0,0,0,0,0,0,0,0
337,3,-3.5082471442397837e-12,0,0,0,0,0,0,0,0,0
338,3,-3.2887742858255001e-12,0,0,0,0,0,0,0,0,0
339,3,-3.0830314565682738e-12,0,0,0,0,0,0,0,0,0
340,3,-2.8901597179095036e-12,0,0,0,0,0,0,0,0,0
341,3,-2.7093538657320428e-12,0,0,0,0,0,0,0,0,0
342,3,-2.539859068780714e-12,0,0,0,0,0,0,0,0,0
343,3,-2.3809677173803535e-12,0,0,0,0,0,0,0,0,0
344,3,-2.2320164692952265e-12,0,0,0,0,0,0,0,0,0
345,3,-2.0923834803969759e-12,0,0,0,0,0,0,0,0,0
346,3,-1.9614858085794272e-12,0,0,0,0,0,0,0,0,0
347,3,-1.8387769800823215e-12,0,0,0,0,0,0,0,0,0
348,3,-1.7237447080636122e-12,0,0,0,0,0,0,0,0,0
349,3,-1.6159087538959151e-12,0,0,0,0,0,0,0,0,0
350,3,-1.5148189222583409e-12,0,0,0,0,0,0,0,0,0
351,3,-1.4200531816536815e-12,0,0,0,0,0,0,0,0,0
352,3,-1.3312159025043054e-12,0,0,0,0,0,0,0,0,0
353,3,-1.2479362054713073e-12,0,0,0,0,0,0,0,0,0
354,3,-1.1698664131013022e-12,0,0,0,0,0,0,0,0,0
355,3,-1.0966805983368664e-12,0,0,0,0,0,0,0,0,0
356,3,-1.0280732238308619e-12,0,0,0,0,0,0,0,0,0
357,3,-9.6375786638410826e-13,0,0,0,0,0,0,0,0,0
358,3,-9.0346602118105132e-13,0,0,0,0,0,0,0,0,0
359,3,-8.4694598083145604e-13,0,0,0,0,0,0,0,0,0
360,3,-7.9396178453822479e-13,0,0,0,0,0,0,0,0,0
361,3,-7.4429223300437195e-13,0,0,0,0,0,0,0,0,0
362,3,-6.9772996496655159e-13,0,0,0,0,0,0,0,0,0
363,3,-6.540805914998251e-13,0,0,0,0,0,0,0,0,0
364,3,-6.1316188447957641e-13,0,0,0,0,0,0,0,0,0
365,3,-5.7480301581253368e-13,0,0,0,0,0,0,0,0,0
366,3,-5.3884384426082013e-13,0,0,0,0,0,0,0,0,0
367,3,-5.0513424688167381e-13,0,0,0,0,0,0,0,0,0
368,3,-4.7353349229171037e-13,0,0,0,0,0,0,0,0,0
369,3,-4.4390965313921674e-13,0,0,0,0,0,0,0,0,0
370,3,-4.1613905533167012e-13,0,0,0,0,0,0,0,0,0
371,3,-3.9010576171909815e-13,0,0,0,0,0,0,0,0,0
372,3,-3.6570108807774766e-13,0,0,0,0,0,0,0,0,0
373,3,-3.4282314937339529e-13,0,0,0,0,0,0,0,0,0
374,3,-3.2137643441002684e-13,0,0,0,0,0,0,0,0,0
375,3,-3.0127140708811631e-13,0,0,0,0,0,0,0,0,0
376,3,-2.8242413260784301e-13,0,0,0,0,0,0,0,0,0
377,3,-2.6475592705670598e-13,0,0,0,0,0,0,0,0,0
378,3,-2.4819302891862452e-13,0,0,0,0,0,0,0,0,0
379,3,-2.326662911331447e-13,0,0,0,0,0,0,0,0,0
380,3,-2.1811089241915139e-13,0,0,0,0,0,0,0,0,0
381,3,-2.0446606665791088e-13,0,0,0,0,0,0,0,0,0
382,3,-1.9167484920568122e-13,0,0,0,0,0,0,0,0,0
383,3,-1.7968383907677156e-13,0,0,0,0,0,0,0,0,0
384,3,-1.684429760042309e-13,0,0,0,0,0,0,0,0,0
385,3,-1.5790533144741676e-13,0,0,0,0,0,0,0,0,0
386,3,-1.4802691267395051e-13,0,0,0,0,0,0,0,0,0
387,3,-1.3876647909813032e-13,0,0,0,0,0,0,0,0,0
388,3,-1.3008537010905692e-13,0,0,0,0,0,0,0,0,0
389,3,-1.2194734366967352e-13,0,0,0,0,0,0,0,0,0
390,3,-1.1431842501291456e-13,0,0,0,0,0,0,0,0,0
391,3,-1.0716676480328582e-13,0,0,0,0,0,0,0,0,0
392,3,-1.0046250617173384e-13,0,0,0,0,0,0,0,0,0
393,3,-9.4177660068694867e-14,0,0,0,0,0,0,0,0,0
394,3,-8.8285988414951361e-14,0,0,0,0,0,0,0,0,0
395,3,-8.2762894562463255e-14,0,0,0,0,0,0,0,0,0
396,3,-7.7585320607878074e-14,0,0,0,0,0,0,0,0,0
397,3,-7.2731651130014232e-14,0,0,0,0,0,0,0,0,0
398,3,-6.8181622949444629e-14,0,0,0,0,0,0,0,0,0
399,3,-6.39162405334398e-14,0,0,0,0,0,0,0,0,0
400,3,-5.9917696693106126e-14,0,0,0,0,0,0,0,0,0
401,3,-5.6169298241637949e-14,0,0,0,0,0,0,0,0,0
402,3,-5.2655396303327382e-14,0,0,0,0,0,0,0,0,0
403,3,-4.9361320982378929e-14,0,0,0,0,0,0,0,0,0
404,3,-4.6273320118786798e-14,0,0,0,0,0,0,0,0,0
405,3,-4.3378501875589736e-14,0,0,0,0,0,0,0,0,0
406,3,-4.0664780917818514e-14,0,0,0,0,0,0,0,0,0
407,3,-3.8120827958438796e-14,0,0,0,0,0,0,0,0,0
408,3,-3.5736022460657747e-14,0,0,0,0,0,0,0,0,0
409,3,-3.3500408299131182e-14,0,0,0,0,0,0,0,0,0
410,3,-3.1404652194967445e-14,0,0,0,0,0,0,0,0,0
411,3,-2.944000475100025e-14,0,0,0,0,0,0,0,0,0
412,3,-2.7598263924661774e-14,0,0,0,0,0,0,0,0,0
413,3,-2.5871740785959166e-14,0,0,0,0,0,0,0,0,0
414,3,-2.4253227417603447e-14,0,0,0,0,0,0,0,0,0
415,3,-2.2735966823277061e-14,0,0,0,0,0,0,0,0,0
416,3,-2.1313624718414333e-14,0,0,0,0,0,0,0,0,0
417,3,-1.9980263085725433e-14,0,0,0,0,0,0,0,0,0
418,3,-1.8730315385064354e-14,0,0,0,0,0,0,0,0,0
419,3,-1.7558563314144648e-14,0,0,0,0,0,0,0,0,0
420,3,-1.6460115023085451e-14,0,0,0,0,0,0,0,0,0
421,3,-1.5430384691835577e-14,0,0,0,0,0,0,0,0,0
422,3,-1.4465073385216435e-14,0,0,0,0,0,0,0,0,0
423,3,-1.3560151105656291e-14,0,0,0,0,0,0,0,0,0
424,3,-1.2711839968690273e-14,0,0,0,0,0,0,0,0,0
425,3,-1.1916598430985566e-14,0,0,0,0,0,0,0,0,0
426,3,-1.1171106505048203e-14,0,0,0,0,0,0,0,0,0
427,3,-1.0472251898884302e-14,0,0,0,0,0,0,0,0,0
428,3,-9.8171170227521379e-15,0,0,0,0,0,0,0,0,0
429,3,-9.2029668087603527e-15,0,0,0,0,0,0,0,0,0
430,3,-8.6272372924614439e-15,0,0,0,0,0,0,0,0,0
431,3,-8.087524908770438e-15,0,0,0,0,0,0,0,0,0
432,3,-7.581576457522088e-15,0,0,0,0,0,0,0,0,0
433,3,-7.1072796967733868e-15,0,0,0,0,0,0,0,0,0
434,3,-6.6626545245811151e-15,0,0,0,0,0,0,0,0,0
435,3,-6.2458447124396199e-15,0,0,0,0,0,0,0,0,0
436,3,-5.8551101558672364e-15,0,0,0,0,0,0,0,0,0
437,3,-5.4888196097896613e-15,0,0,0,0,0,0,0,0,0
438,3,-5.1454438783909118e-15,0,0,0,0,0,0,0,0,0
439,3,-4.8235494310014472e-15,0,0,0,0,0,0,0,0,0
440,3,-4.5217924173706761e-15,0,0,0,0,0,0,0,0,0
441,3,-4.238913057338752e-15,0,0,0,0,0,0,0,0,0
442,3,-3.9737303814856049e-15,0,0,0,0,0,0,0,0,0
443,3,-3.725137300800204e-15,0,0,0,0,0,0,0,0,0
444,3,-3.4920959847872608e-15,0,0,0,0,0,0,0,0,0
445,3,-3.2736335287152324e-15,0,0,0,0,0,0,0,0,0
446,3,-3.0688378919176262e-15,0,0,0,0,0,0,0,0,0
447,3,-2.876854090190595e-15,0,0,0,0,0,0,0,0,0
448,3,-2.6968806263906916e-15,0,0,0,0,0,0,0,0,0
449,3,-2.5281661443314957e-15,0,0,0,0,0,0,0,0,0
450,3,-2.3700062920093217e-15,0,0,0,0,0,0,0,0,0
451,3,-2.2217407810628752e-15,0,0,0,0,0,0,0,0,0
452,3,-2.0827506301905044e-15,0,0,0,0,0,0,0,0,0
453,3,-1.9524555810168486e-15,0,0,0,0,0,0,0,0,0
454,3,-1.8303116756206115e-15,0,0,0,0,0,0,0,0,0
455,3,-1.7158089856100022e-15,0,0,0,0,0,0,0,0,0
456,3,-1.6084694832653518e-15,0,0,0,0,0,0,0,0,0
457,3,-1.5078450458610454e-15,0,0,0,0,0,0,0,0,0
458,3,-1.4135155848353881e-15,0,0,0,0,0,0,0,0,0
459,3,-1.3250872919979446e-15,0,0,0,0,0,0,0,0,0
460,3,-1.2421909954526168e-15,0,0,0,0,0,0,0,0,0
461,3,-1.1644806183726843e-15,0,0,0,0,0,0,0,0,0
462,3,-1.0916317341936118e-15,0,0,0,0,0,0,0,0,0
463,3,-1.023340212191638e-15,0,0,0,0,0,0,0,0,0
464,3,-9.5932094779381953e-16,0,0,0,0,0,0,0,0,0
465,3,-8.9930667231875647e-16,0,0,0,0,0,0,0,0,0
466,3,-8.4304683717889677e-16,0,0,0,0,0,0,0,0,0
467,3,-7.9030656788613355e-16,0,0,0,0,0,0,0,0,0
468,3,-7.4086568349395442e-16,0,0,0,0,0,0,0,0,0
469,3,-6.9451777738236703e-16,0,0,0,0,0,0,0,0,0
470,3,-6.5106935554814263e-16,0,0,0,0,0,0,0,0,0
471,3,-6.1033902880285846e-16,0,0,0,0,0,0,0,0,0
472,3,-5.7215675550632485e-16,0,0,0,0,0,0,0,0,0
473,3,-5.3636313167392343e-16,0,0,0,0,0,0,0,0,0
474,3,-5.0280872549424661e-16,0,0,0,0,0,0,0,0,0
475,3,-4.7135345347868917e-16,0,0,0,0,0,0,0,0,0
476,3,-4.4186599563859198e-16,0,0,0,0,0,0,0,0,0
477,3,-4.1422324724838706e-16,0,0,0,0,0,0,0,0,0
478,3,-3.8830980490596046e-16,0,0,0,0,0,0,0,0,0
479,3,-3.6401748474461354e-16,0,0,0,0,0,0,0,0,0
480,3,-3.4124487078528816e-16,0,0,0,0,0,0,0,0,0
481,3,-3.1989689154345256e-16,0,0,0,0,0,0,0,0,0
482,3,-2.9988442312310145e-16,0,0,0,0,0,0,0,0,0
483,3,-2.811239171408447e-16,0,0,0,0,0,0,0,0,0
484,3,-2.6353705192673944e-16,0,0,0,0,0,0,0,0,0
485,3,-2.4705040554568227e-16,0,0,0,0,0,0,0,0,0
486,3,-2.3159514927431482e-16,0,0,0,0,0,0,0,0,0
487,3,-2.1710676025372575e-16,0,0,0,0,0,0,0,0,0
488,3,-2.0352475211835677e-16,0,0,0,0,0,0,0,0,0
489,3,-1.9079242247652544e-16,0,0,0,0,0,0,0,0,0
490,3,-1.7885661618834616e-16,0,0,0,0,0,0,0,0,0
491,3,-1.6766750345276981e-16,0,0,0,0,0,0,0,0,0
492,3,-1.5717837177731592e-16,0,0,0,0,0,0,0,0,0
493,3,-1.4734543096198302e-16,0,0,0,0,0,0,0,0,0
494,3,-1.3812763028320032e-16,0,0,0,0,0,0,0,0,0
495,3,-1.294864871145897e-16,0,0,0,0,0,0,0,0,0
496,3,-1.213859262690628e-16,0,0,0,0,0,0,0,0,0
497,3,-1.1379212939153138e-16,0,0,0,0,0,0,0,0,0
498,3,-1.0667339377348551e-16,0,0,0,0,0,0,0,0,0
499,3,-9.9999999999999998e-17,0,0,0,0,0,0,0,0,0
500,3,9.9999999999999998e-17,0,0,0,0,0,0,0,0,0
501,3,1.0667339377348551e-16,0,0,0,0,0,0,0,0,0
502,3,1.1379212939153138e-16,0,0,0,0,0,0,0,0,0
503,3,1.213859262690628e-16,0,0,0,0,0,0,0,0,0
504,3,1.294864871145897e-16,0,0,0,0,0,0,0,0,0
505,3,1.3812763028320032e-16,0,0,0,0,0,0,0,0,0
506,3,1.4734543096198302e-16,0,0,0,0,0,0,0,0,0
507,3,1.5717837177731592e-16,0,0,0,0,0,0,0,0,0
508,3,1.6766750345276981e-16,0,0,0,0,0,0,0,0,0
509,3,1.7885661618834616e-16,0,0,0,0,0,0,0,0,0
510,3,1.9079242247652544e-16,0,0,0,0,0,0,0,0,0
511,3,2.0352475211835677e-16,0,0,0,0,0,0,0,0,0
512,3,2.1710676025372575e-16,0,0,0,0,0,0,0,0,0
513,3,2.3159514927431482e-16,0,0,0,0,0,0,0,0,0
514,3,2.4705040554568227e-16,0,0,0,0,0,0,0,0,0
515,3,2.6353705192673944e-16,0,0,0,0,0,0,0,0,0
516,3,2.811239171408447e-16,0,0,0,0,0,0,0,0,0
517,3,2.9988442312310145e-16,0,0,0,0,0,0,0,0,0
518,3,3.1989689154345256e-16,0,0,0,0,0,0,0,0,0
519,3,3.4124487078528816e-16,0,0,0,0,0,0,0,0,0
520,3,3.6401748474461354e-16,0,0,0,0,0,0,0,0,0
521,3,3.8830980490596046e-16,0,0,0,0,0,0,0,0,0
522,3,4.1422324724838706e-16,0,0,0,0,0,0,0,0,0
523,3,4.4186599563859198e-16,0,0,0,0,0,0,0,0,0
524,3,4.7135345347868917e-16,0,0,0,0,0,0,0,0,0
525,3,5.0280872549424661e-16,0,0,0,0,0,0,0,0,0
526,3,5.3636313167392343e-16,0,0,0,0,0,0,0,0,0
527,3,5.7215675550632485e-16,0,0,0,0,0,0,0,0,0
528,3,6.1033902880285846e-16,0,0,0,0,0,0,0,0,0
529,3,6.5106935554814263e-16,0,0,0,0,0,0,0,0,0
530,3,6.9451777738236703e-16,0,0,0,0,0,0,0,0,0
531,3,7.4086568349395442e-16,0,0,0,0,0,0,0,0,0
532,3,7.9030656788613355e-16,0,0,0,0,0,0,0,0,0
533,3,8.4304683717889677e-16,0,0,0,0,0,0,0,0,0
534,3,8.9930667231875647e-16,0,0,0,0,0,0,0,0,0
535,3,9.5932094779381953e-16,0,0,0,0,0,0,0,0,0
536,3,1.023340212191638e-15,0,0,0,0,0,0,0,0,0
537,3,1.0916317341936118e-15,0,0,0,0,0,0,0,0,0
538,3,1.1644806183726843e-15,0,0,0,0,0,0,0,0,0
539,3,1.2421909954526168e-15,0,0,0,0,0,0,0,0,0
540,3,1.3250872919979446e-15,0,0,0,0,0,0,0,0,0
541,3,1.4135155848353881e-15,0,0,0,0,0,0,0,0,0
542,3,1.5078450458610454e-15,0,0,0,0,0,0,0,0,0
543,3,1.6084694832653518e-15,0,0,0,0,0,0,0,0,0
544,3,1.7158089856100022e-15,0,0,0,0,0,0,0,0,0
545,3,1.8303116756206115e-15,0,0,0,0,0,0,0,0,0
546,3,1.9524555810168486e-15,0,0,0,0,0,0,0,0,0
547,3,2.0827506301905044e-15,0,0,0,0,0,0,0,0,0
548,3,2.2217407810628752e-15,0,0,0,0,0,0,0,0,0
549,3,2.3700062920093217e-15,0,0,0,0,0,0,0,0,0
550,3,2.5281661443314957e-15,0,0,0,0,0,0,0,0,0
551,3,2.6968806263906916e-15,0,0,0,0,0,0,0,0,0
552,3,2.876854090190595e-15,0,0,0,0,0,0,0,0,0
553,3,3.0688378919176262e-15,0,0,0,0,0,0,0,0,0
554,3,3.2736335287152324e-15,0,0,0,0,0,0,0,0,0
555,3,3.4920959847872608e-15,0,0,0,0,0,0,0,0,0
556,3,3.725137300800204e-15,0,0,0,0,0,0,0,0,0
557,3,3.9737303814856049e-15,0,0,0,0,0,0,0,0,0
558,3,4.238913057338752e-15,0,0,0,0,0,0,0,0,0
559,3,4.5217924173706761e-15,0,0,0,0,0,0,0,0,0
560,3,4.8235494310014472e-15,0,0,0,0,0,0,0,0,0
561,3,5.1454438783909118e-15,0,0,0,0,0,0,0,0,0
562,3,5.4888196097896613e-15,0,0,0,0,0,0,0,0,0
563,3,5.8551101558672364e-15,0,0,0,0,0,0,0,0,0
564,3,6.2458447124396199e-15,0,0,0,0,0,0,0,0,0
565,3,6.6626545245811151e-15,0,0,0,0,0,0,0,0,0
566,3,7.1072796967733868e-15,0,0,0,0,0,0,0,0,0
567,3,7.581576457522088e-15,0,0,0,0,0,0,0,0,0
568,3,8.087524908770438e-15,0,0,0,0,0,0,0,0,0
569,3,8.6272372924614439e-15,0,0,0,0,0,0,0,0,0
570,3,9.2029668087603527e-15,0,0,0,0,0,0,0,0,0
571,3,9.8171170227521379e-15,0,0,0,0,0,0,0,0,0
572,3,1.0472251898884302e-14,0,0,0,0,0,0,0,0,0
573,3,1.1171106505048203e-14,0,0,0,0,0,0,0,0,0
574,3,1.1916598430985566e-14,0,0,0,0,0,0,0,0,0
575,3,1.2711839968690273e-14,0,0,0,0,0,0,0,0,0
576,3,1.3560151105656291e-14,0,0,0,0,0,0,0,0,0
577,3,1.4465073385216435e-14,0,0,0,0,0,0,0,0,0
578,3,1.5430384691835577e-14,0,0,0,0,0,0,0,0,0
579,3,1.6460115023085451e-14,0,0,0,0,0,0,0,0,0
580,3,1.7558563314144648e-14,0,0,0,0,0,0,0,0,0
581,3,1.8730315385064354e-14,0,0,0,0,0,0,0,0,0
582,3,1.9980263085725433e-14,0,0,0,0,0,0,0,0,0
583,3,2.1313624718414333e-14,0,0,0,0,0,0,0,0,0
584,3,2.2735966823277061e-14,0,0,0,0,0,0,0,0,0
585,3,2.4253227417603447e-14,0,0,0,0,0,0,0,0,0
586,3,2.5871740785959166e-14,0,0,0,0,0,0,0,0,0
587,3,2.7598263924661774e-14,0,0,0,0,0,0,0,0,0
588,3,2.944000475100025e-14,0,0,0,0,0,0,0,0,0
589,3,3.1404652194967445e-14,0,0,0,0,0,0,0,0,0
590,3,3.3500408299131182e-14,0,0,0,0,0,0,0,0,0
591,3,3.5736022460657747e-14,0,0,0,0,0,0,0,0,0
592,3,3.8120827958438796e-14,0,0,0,0,0,0,0,0,0
593,3,4.0664780917818514e-14,0,0,0,0,0,0,0,0,0
594,3,4.3378501875589736e-14,0,0,0,0,0,0,0,0,0
595,3,4.6273320118786798e-14,0,0,0,0,0,0,0,0,0
596,3,4.9361320982378929e-14,0,0,0,0,0,0,0,0,0
597,3,5.2655396303327382e-14,0,0,0,0,0,0,0,0,0
598,3,5.6169298241637949e-14,0,0,0,0,0,0,0,0,0
599,3,5.9917696693106126e-14,0,0,0,0,0,0,0,0,0
600,3,6.39162405334398e-14,0,0,0,0,0,0,0,0,0
601,3,6.8181622949444629e-14,0,0,0,0,0,0,0,0,0
602,3,7.2731651130014232e-14,0,0,0,0,0,0,0,0,0
603,3,7.7585320607878074e-14,0,0,0,0,0,0,0,0,0
604,3,8.2762894562463255e-14,0,0,0,0,0,0,0,0,0
605,3,8.8285988414951361e-14,0,0,0,0,0,0,0,0,0
606,3,9.4177660068694867e-14,0,0,0,0,0,0,0,0,0
607,3,1.0046250617173384e-13,0,0,0,0,0,0,0,0,0
608,3,1.0716676480328582e-13,0,0,0,0,0,0,0,0,0
609,3,1.1431842501291456e-13,0,0,0,0,0,0,0,0,0
610,3,1.2194734366967352e-13,0,0,0,0,0,0,0,0,0
611,3,1.3008537010905692e-13,0,0,0,0,0,0,0,0,0
612,3,1.3876647909813032e-13,0,0,0,0,0,0,0,0,0
613,3,1.4802691267395051e-13,0,0,0,0,0,0,0,0,0
614,3,1.5790533144741676e-13,0,0,0,0,0,0,0,0,0
615,3,1.684429760042309e-13,0,0,0,0,0,0,0,0,0
616,3,1.7968383907677156e-13,0,0,0,0,0,0,0,0,0
617,3,1.9167484920568122e-13,0,0,0,0,0,0,0,0,0
618,3,2.0446606665791088e-13,0,0,0,0,0,0,0,0,0
619,3,2.1811089241915139e-13,0,0,0,0,0,0,0,0,0
620,3,2.326662911331447e-13,0,0,0,0,0,0,0,0,0
621,3,2.4819302891862452e-13,0,0,0,0,0,0,0,0,0
622,3,2.6475592705670598e-13,0,0,0,0,0,0,0,0,0
623,3,2.8242413260784301e-13,0,0,0,0,0,0,0,0,0
624,3,3.0127140708811631e-13,0,0,0,0,0,0,0,0,0
625,3,3.2137643441002684e-13,0,0,0,0,0,0,0,0,0
626,3,3.4282314937339529e-13,0,0,0,0,0,0,0,0,0
627,3,3.6570108807774766e-13,0,0,0,0,0,0,0,0,0
628,3,3.9010576171909815e-13,0,0,0,0,0,0,0,0,0
629,3,4.1613905533167012e-13,0,0,0,0,0,0,0,0,0
630,3,4.4390965313921674e-13,0,0,0,0,0,0,0,0,0
631,3,4.7353349229171037e-13,0,0,0,0,0,0,0,0,0
632,3,5.0513424688167381e-13,0,0,0,0,0,0,0,0,0
633,3,5.3884384426082013e-13,0,0,0,0,0,0,0,0,0
634,3,5.7480301581253368e-13,0,0,0,0,0,0,0,0,0
635,3,6.1316188447957641e-13,0,0,0,0,0,0,0,0,0
636,3,6.540805914998251e-13,0,0,0,0,0,0,0,0,0
637,3,6.9772996496655159e-13,0,0,0,0,0,0,0,0,0
638,3,7.4429223300437195e-13,0,0,0,0,0,0,0,0,0
639,3,7.9396178453822479e-13,0,0,0,0,0,0,0,0,0
640,3,8.4694598083145604e-13,0,0,0,0,0,0,0,0,0
641,3,9.0346602118105132e-13,0,0,0,0,0,0,0,0,0
642,3,9.6375786638410826e-13,0,0,0,0,0,0,0,0,0
643,3,1.0280732238308619e-12,0,0,0,0,0,0,0,0,0
644,3,1.0966805983368664e-12,0,0,0,0,0,0,0,0,0
645,3,1.1698664131013022e-12,0,0,0,0,0,0,0,0,0
646,3,1.2479362054713073e-12,0,0,0,0,0,0,0,0,0
647,3,1.3312159025043054e-12,0,0,0,0,0,0,0,0,0
648,3,1.4200531816536815e-12,0,0,0,0,0,0,0,0,0
649,3,1.5148189222583409e-12,0,0,0,0,0,0,0,0,0
650,3,1.6159087538959151e-12,0,0,0,0,0,0,0,0,0
651,3,1.7237447080636122e-12,0,0,0,0,0,0,0,0,0
652,3,1.8387769800823215e-12,0,0,0,0,0,0,0,0,0
653,3,1.9614858085794272e-12,0,0,0,0,0,0,0,0,0
654,3,2.0923834803969759e-12,0,0,0,0,0,0,0,0,0
655,3,2.2320164692952265e-12,0,0,0,0,0,0,0,0,0
656,3,2.3809677173803535e-12,0,0,0,0,0,0,0,0,0
657,3,2.539859068780714e-12,0,0,0,0,0,0,0,0,0
658,3,2.7093538657320428e-12,0,0,0,0,0,0,0,0,0
659,3,2.8901597179095036e-12,0,0,0,0,0,0,0,0,0
660,3,3.0830314565682738e-12,0,0,0,0,0,0,0,0,0
661,3,3.2887742858255001e-12,0,0,0,0,0,0,0,0,0
662,3,3.5082471442397837e-12,0,0,0,0,0,0,0,0,0
663,3,3.742366290721964e-12,0,0,0,0,0,0,0,0,0
664,3,3.9921091297480385e-12,0,0,0,0,0,0,0,0,0
665,3,4.2585182918434056e-12,0,0,0,0,0,0,0,0,0
666,3,4.5427059863740406e-12,0,0,0,0,0,0,0,0,0
667,3,4.8458586448164785e-12,0,0,0,0,0,0,0,0,0
668,3,5.1692418738915886e-12,0,0,0,0,0,0,0,0,0
669,3,5.5142057392402755e-12,0,0,0,0,0,0,0,0,0
670,3,5.8821904016999372e-12,0,0,0,0,0,0,0,0,0
671,3,6.2747321297115645e-12,0,0,0,0,0,0,0,0,0
672,3,6.6934697129586539e-12,0,0,0,0,0,0,0,0,0
673,3,7.1401513040133745e-12,0,0,0,0,0,0,0,0,0
674,3,7.6166417165528747e-12,0,0,0,0,0,0,0,0,0
675,3,8.1249302106140128e-12,0,0,0,0,0,0,0,0,0
676,3,8.6671387973892018e-12,0,0,0,0,0,0,0,0,0
677,3,9.2455310982335517e-12,0,0,0,0,0,0,0,0,0
678,3,9.8625217948687697e-12,0,0,0,0,0,0,0,0,0
679,3,1.0520686710236229e-11,0,0,0,0,0,0,0,0,0
680,3,1.1222773562085052e-11,0,0,0,0,0,0,0,0,0
681,3,1.1971713434189611e-11,0,0,0,0,0,0,0,0,0
682,3,1.2770633013086393e-11,0,0,0,0,0,0,0,0,0
683,3,1.3622867641416434e-11,0,0,0,0,0,0,0,0,0
684,3,1.4531975242368941e-11,0,0,0,0,0,0,0,0,0
685,3,1.5501751173357699e-11,0,0,0,0,0,0,0,0,0
686,3,1.6536244070941767e-11,0,0,0,0,0,0,0,0,0
687,3,1.7639772753140362e-11,0,0,0,0,0,0,0,0,0
688,3,1.8816944249705486e-11,0,0,0,0,0,0,0,0,0
689,3,2.0072673035625642e-11,0,0,0,0,0,0,0,0,0
690,3,2.1412201548157264e-11,0,0,0,0,0,0,0,0,0
691,3,2.2841122073038239e-11,0,0,0,0,0,0,0,0,0
692,3,2.4365400091254594e-11,0,0,0,0,0,0,0,0,0
693,3,2.5991399183829209e-11,0,0,0,0,0,0,0,0,0
694,3,2.7725907598604728e-11,0,0,0,0,0,0,0,0,0
695,3,2.9576166589932462e-11,0,0,0,0,0,0,0,0,0
696,3,3.1549900649580829e-11,0,0,0,0,0,0,0,0,0
697,3,3.3655349755070936e-11,0,0,0,0,0,0,0,0,0
698,3,3.5901303770070605e-11,0,0,0,0,0,0,0,0,0
699,3,3.8297139140462612e-11,0,0,0,0,0,0,0,0,0
700,3,4.0852858039285472e-11,0,0,0,0,0,0,0,0,0
701,3,4.3579130123970167e-11,0,0,0,0,0,0,0,0,0
702,3,4.6487337080202508e-11,0,0,0,0,0,0,0,0,0
703,3,4.958962013837213e-11,0,0,0,0,0,0,0,0,0
704,3,5.289893076098137e-11,0,0,0,0,0,0,0,0,0
705,3,5.6429084712625107e-11,0,0,0,0,0,0,0,0,0
706,3,6.0194819738272498e-11,0,0,0,0,0,0,0,0,0
707,3,6.4211857090647424e-11,0,0,0,0,0,0,0,0,0
708,3,6.8496967163574342e-11,0,0,0,0,0,0,0,0,0
709,3,7.3068039505294985e-11,0,0,0,0,0,0,0,0,0
710,3,7.7944157504049259e-11,0,0,0,0,0,0,0,0,0
711,3,8.3145678057720513e-11,0,0,0,0,0,0,0,0,0
712,3,8.8694316560146732e-11,0,0,0,0,0,0,0,0,0
713,3,9.4613237558907417e-11,0,0,0,0,0,0,0,0,0
714,3,1.0092715146305696e-10,0,0,0,0,0,0,0,0,0
715,3,1.0766241770454926e-10,0,0,0,0,0,0,0,0,0
716,3,1.148471547840286e-10,0,0,0,0,0,0,0,0,0
717,3,1.2251135766041164e-10,0,0,0,0,0,0,0,0,0
718,3,1.3068702297433412e-10,0,0,0,0,0,0,0,0,0
719,3,1.3940828262825739e-10,0,0,0,0,0,0,0,0,0
720,3,1.4871154628089513e-10,0,0,0,0,0,0,0,0,0
721,3,1.5863565335085894e-10,0,0,0,0,0,0,0,0,0
722,3,1.692220351641032e-10,0,0,0,0,0,0,0,0,0
723,3,1.8051488792211056e-10,0,0,0,0,0,0,0,0,0
724,3,1.9256135721291901e-10,0,0,0,0,0,0,0,0,0
725,3,2.0541173483530585e-10,0,0,0,0,0,0,0,0,0
726,3,2.1911966875781449e-10,0,0,0,0,0,0,0,0,0
727,3,2.3374238708918137e-10,0,0,0,0,0,0,0,0,0
728,3,2.4934093699518716e-10,0,0,0,0,0,0,0,0,0
729,3,2.6598043955937535e-10,0,0,0,0,0,0,0,0,0
730,3,2.8373036165162006e-10,0,0,0,0,0,0,0,0,0
731,3,3.0266480593956821e-10,0,0,0,0,0,0,0,0,0
732,3,3.2286282025367252e-10,0,0,0,0,0,0,0,0,0
733,3,3.4440872759738198e-10,0,0,0,0,0,0,0,0,0
734,3,3.6739247818020632e-10,0,0,0,0,0,0,0,0,0
735,3,3.9191002494333968e-10,0,0,0,0,0,0,0,0,0
736,3,4.1806372414557397e-10,0,0,0,0,0,0,0,0,0
737,3,4.459627626819079e-10,0,0,0,0,0,0,0,0,0
738,3,4.7572361391878794e-10,0,0,0,0,0,0,0,0,0
739,3,5.0747052394904632e-10,0,0,0,0,0,0,0,0,0
740,3,5.413360302965362e-10,0,0,0,0,0,0,0,0,0
741,3,5.7746151523598089e-10,0,0,0,0,0,0,0,0,0
742,3,6.159977960380139e-10,0,0,0,0,0,0,0,0,0
743,3,6.5710575460362501e-10,0,0,0,0,0,0,0,0,0
744,3,7.0095700911656071e-10,0,0,0,0,0,0,0,0,0
745,3,7.477346305177581e-10,0,0,0,0,0,0,0,0,0
746,3,7.9763390679292782e-10,0,0,0,0,0,0,0,0,0
747,3,8.5086315826405624e-10,0,0,0,0,0,0,0,0,0
748,3,9.0764460728853498e-10,0,0,0,0,0,0,0,0,0
749,3,9.6821530599670514e-10,0,0,0,0,0,0,0,0,0
750,3,1.0328281259410264e-09,0,0,0,0,0,0,0,0,0
751,3,1.1017528137883858e-09,0,0,0,0,0,0,0,0,0
752,3,1.1752771174629412e-09,0,0,0,0,0,0,0,0,0
753,3,1.2537079874409174e-09,0,0,0,0,0,0,0,0,0
754,3,1.3373728582124948e-09,0,0,0,0,0,0,0,0,0
755,3,1.4266210152607326e-09,0,0,0,0,0,0,0,0,0
756,3,1.5218250532643833e-09,0,0,0,0,0,0,0,0,0
757,3,1.6233824316122767e-09,0,0,0,0,0,0,0,0,0
758,3,1.7317171337233479e-09,0,0,0,0,0,0,0,0,0
759,3,1.84728143709963e-09,0,0,0,0,0,0,0,0,0
760,3,1.9705578015017973e-09,0,0,0,0,0,0,0,0,0
761,3,2.102060883130151e-09,0,0,0,0,0,0,0,0,0
762,3,2.2423396832198408e-09,0,0,0,0,0,0,0,0,0
763,3,2.3919798400202365e-09,0,0,0,0,0,0,0,0,0
764,3,2.5516060737271755e-09,0,0,0,0,0,0,0,0,0
765,3,2.7218847945751721e-09,0,0,0,0,0,0,0,0,0
766,3,2.9035268849778108e-09,0,0,0,0,0,0,0,0,0
767,3,3.0972906673313975e-09,0,0,0,0,0,0,0,0,0
768,3,3.3039850698718503e-09,0,0,0,0,0,0,0,0,0
769,3,3.5244730038015811e-09,0,0,0,0,0,0,0,0,0
770,3,3.7596749657854533e-09,0,0,0,0,0,0,0,0,0
771,3,4.0105728808554869e-09,0,0,0,0,0,0,0,0,0
772,3,4.2782142017676105e-09,0,0,0,0,0,0,0,0,0
773,3,4.563716281924743e-09,0,0,0,0,0,0,0,0,0
774,3,4.8682710401222696e-09,0,0,0,0,0,0,0,0,0
775,3,5.1931499365902057e-09,0,0,0,0,0,0,0,0,0
776,3,5.5397092811063828e-09,0,0,0,0,0,0,0,0,0
777,3,5.9093958953409555e-09,0,0,0,0,0,0,0,0,0
778,3,6.3037531530712691e-09,0,0,0,0,0,0,0,0,0
779,3,6.7244274234842227e-09,0,0,0,0,0,0,0,0,0
780,3,7.1731749444655962e-09,0,0,0,0,0,0,0,0,0
781,3,7.6518691545708116e-09,0,0,0,0,0,0,0,0,0
782,3,8.1625085142871981e-09,0,0,0,0,0,0,0,0,0
783,3,8.707224849239895e-09,0,0,0,0,0,0,0,0,0
784,3,9.2882922501724852e-09,0,0,0,0,0,0,0,0,0
785,3,9.9081365668586322e-09,0,0,0,0,0,0,0,0,0
786,3,1.0569345535579853e-08,0,0,0,0,0,0,0,0,0
787,3,1.1274679582449448e-08,0,0,0,0,0,0,0,0,0
788,3,1.2027083347685112e-08,0,0,0,0,0,0,0,0,0
789,3,1.2829697978941442e-08,0,0,0,0,0,0,0,0,0
790,3,1.3685874245025165e-08,0,0,0,0,0,0,0,0,0
791,3,1.4599186524739781e-08,0,0,0,0,0,0,0,0,0
792,3,1.5573447729261301e-08,0,0,0,0,0,0,0,0,0
793,3,1.6612725220342902e-08,0,0,0,0,0,0,0,0,0
794,3,1.7721357790803583e-08,0,0,0,0,0,0,0,0,0
795,3,1.8903973778192157e-08,0,0,0,0,0,0,0,0,0
796,3,2.0165510387247435e-08,0,0,0,0,0,0,0,0,0
797,3,2.1511234301821654e-08,0,0,0,0,0,0,0,0,0
798,3,2.29467636723193e-08,0,0,0,0,0,0,0,0,0
799,3,2.4478091570444375e-08,0,0,0,0,0,0,0,0,0
800,3,2.6111611009174582e-08,0,0,0,0,0,0,0,0,0
801,3,2.7854141632417593e-08,0,0,0,0,0,0,0,0,0
802,3,2.9712958185773287e-08,0,0,0,0,0,0,0,0,0
803,3,3.1695820887261146e-08,0,0,0,0,0,0,0,0,0
804,3,3.3811007824806746e-08,0,0,0,0,0,0,0,0,0
805,3,3.606734951574022e-08,0,0,0,0,0,0,0,0,0
806,3,3.8474265772585017e-08,0,0,0,0,0,0,0,0,0
807,3,4.1041805029046969e-08,0,0,0,0,0,0,0,0,0
808,3,4.3780686290381608e-08,0,0,0,0,0,0,0,0,0
809,3,4.6702343883273322e-08,0,0,0,0,0,0,0,0,0
810,3,4.9818975192051466e-08,0,0,0,0,0,0,0,0,0
811,3,5.3143591580532302e-08,0,0,0,0,0,0,0,0,0
812,3,5.6690072712074311e-08,0,0,0,0,0,0,0,0,0
813,3,6.0473224494626286e-08,0,0,0,0,0,0,0,0,0
814,3,6.4508840892676814e-08,0,0,0,0,0,0,0,0,0
815,3,6.8813769864156624e-08,0,0,0,0,0,0,0,0,0
816,3,7.3405983697571886e-08,0,0,0,0,0,0,0,0,0
817,3,7.8304654043011712e-08,0,0,0,0,0,0,0,0,0
818,3,8.353023195026772e-08,0,0,0,0,0,0,0,0,0
819,3,8.9104533248214869e-08,0,0,0,0,0,0,0,0,0
820,3,9.5050829621894896e-08,0,0,0,0,0,0,0,0,0
821,3,1.0139394576752911e-07,0,0,0,0,0,0,0,0,0
822,3,1.0816036303107065e-07,0,0,0,0,0,0,0,0,0
823,3,1.1537832996296585e-07,0,0,0,0,0,0,0,0,0
824,3,1.2307798025066642e-07,0,0,0,0,0,0,0,0,0
825,3,1.312914585212461e-07,0,0,0,0,0,0,0,0,0
826,3,1.4005305453932173e-07,0,0,0,0,0,0,0,0,0
827,3,1.4939934636052561e-07,0,0,0,0,0,0,0,0,0
828,3,1.5936935303817695e-07,0,0,0,0,0,0,0,0,0
829,3,1.700046975206714e-07,0,0,0,0,0,0,0,0,0
830,3,1.8134978041964939e-07,0,0,0,0,0,0,0,0,0
831,3,1.934519653744039e-07,0,0,0,0,0,0,0,0,0
832,3,2.0636177678638543e-07,0,0,0,0,0,0,0,0,0
833,3,2.201331107493029e-07,0,0,0,0,0,0,0,0,0
834,3,2.348234600554268e-07,0,0,0,0,0,0,0,0,0
835,3,2.5049415421744976e-07,0,0,0,0,0,0,0,0,0
836,3,2.6721061550794319e-07,0,0,0,0,0,0,0,0,0
837,3,2.8504263208534252e-07,0,0,0,0,0,0,0,0,0
838,3,3.0406464934670606e-07,0,0,0,0,0,0,0,0,0
839,3,3.243560807235808e-07,0,0,0,0,0,0,0,0,0
840,3,3.4600163921850985e-07,0,0,0,0,0,0,0,0,0
841,3,3.6909169106627696e-07,0,0,0,0,0,0,0,0,0
842,3,3.9372263299634762e-07,0,0,0,0,0,0,0,0,0
843,3,4.1999729467152908e-07,0,0,0,0,0,0,0,0,0
844,3,4.4802536798294801e-07,0,0,0,0,0,0,0,0,0
845,3,4.7792386499355924e-07,0,0,0,0,0,0,0,0,0
846,3,5.0981760644204076e-07,0,0,0,0,0,0,0,0,0
847,3,5.4383974284647861e-07,0,0,0,0,0,0,0,0,0
848,3,5.801323103833371e-07,0,0,0,0,0,0,0,0,0
849,3,6.1884682386243627e-07,0,0,0,0,0,0,0,0,0
850,3,6.6014490927348725e-07,0,0,0,0,0,0,0,0,0
851,3,7.0419897854492813e-07,0,0,0,0,0,0,0,0,0
852,3,7.5119294933209393e-07,0,0,0,0,0,0,0,0,0
853,3,8.0132301283968684e-07,0,0,0,0,0,0,0,0,0
854,3,8.5479845288403987e-07,0,0,0,0,0,0,0,0,0
855,3,9.1184251961465705e-07,0,0,0,0,0,0,0,0,0
856,3,9.72693361542615e-07,0,0,0,0,0,0,0,0,0
857,3,1.0376050197669103e-06,0,0,0,0,0,0,0,0,0
858,3,1.1068484885494121e-06,0,0,0,0,0,0,0,0,0
859,3,1.180712846666187e-06,0,0,0,0,0,0,0,0,0
860,3,1.2595064642583562e-06,0,0,0,0,0,0,0,0,0
861,3,1.3435582902208256e-06,0,0,0,0,0,0,0,0,0
862,3,1.4332192255035703e-06,0,0,0,0,0,0,0,0,0
863,3,1.5288635880587281e-06,0,0,0,0,0,0,0,0,0
864,3,1.6308906755493321e-06,0,0,0,0,0,0,0,0,0
865,3,1.7397264323437969e-06,0,0,0,0,0,0,0,0,0
866,3,1.8558252277555159e-06,0,0,0,0,0,0,0,0,0
867,3,1.9796717529513327e-06,0,0,0,0,0,0,0,0,0
868,3,2.1117830444482381e-06,0,0,0,0,0,0,0,0,0
869,3,2.2527106426459773e-06,0,0,0,0,0,0,0,0,0
870,3,2.4030428944069676e-06,0,0,0,0,0,0,0,0,0
871,3,2.5634074092965081e-06,0,0,0,0,0,0,0,0,0
872,3,2.734473679737577e-06,0,0,0,0,0,0,0,0,0
873,3,2.9169558760187946e-06,0,0,0,0,0,0,0,0,0
874,3,3.1116158278243523e-06,0,0,0,0,0,0,0,0,0
875,3,3.3192662047331836e-06,0,0,0,0,0,0,0,0,0
876,3,3.5407739089652688e-06,0,0,0,0,0,0,0,0,0
877,3,3.7770636945393563e-06,0,0,0,0,0,0,0,0,0
878,3,4.0291220279513413e-06,0,0,0,0,0,0,0,0,0
879,3,4.2980012064907943e-06,0,0,0,0,0,0,0,0,0
880,3,4.5848237513890829e-06,0,0,0,0,0,0,0,0,0
881,3,4.8907870941395832e-06,0,0,0,0,0,0,0,0,0
882,3,5.2171685755543456e-06,0,0,0,0,0,0,0,0,0
883,3,5.5653307784276317e-06,0,0,0,0,0,0,0,0,0
884,3,5.9367272160691144e-06,0,0,0,0,0,0,0,0,0
885,3,6.3329084004551124e-06,0,0,0,0,0,0,0,0,0
886,3,6.7555283153316238e-06,0,0,0,0,0,0,0,0,0
887,3,7.2063513212930396e-06,0,0,0,0,0,0,0,0,0
888,3,7.6872595216637275e-06,0,0,0,0,0,0,0,0,0
889,3,8.2002606199341059e-06,0,0,0,0,0,0,0,0,0
890,3,8.7474963015544031e-06,0,0,0,0,0,0,0,0,0
891,3,9.3312511750782416e-06,0,0,0,0,0,0,0,0,0
892,3,9.9539623099842051e-06,0,0,0,0,0,0,0,0,0
893,3,1.0618229410993822e-05,0,0,0,0,0,0,0,0,0
894,3,1.1326825671361531e-05,0,0,0,0,0,0,0,0,0
895,3,1.2082709350447729e-05,0,0,0,0,0,0,0,0,0
896,3,1.2889036123908904e-05,0,0,0,0,0,0,0,0,0
897,3,1.3749172258064187e-05,0,0,0,0,0,0,0,0,0
898,3,1.4666708663439637e-05,0,0,0,0,0,0,0,0,0
899,3,1.5645475886160932e-05,0,0,0,0,0,0,0,0,0
900,3,1.6689560099780231e-05,0,0,0,0,0,0,0,0,0
901,3,1.7803320164301086e-05,0,0,0,0,0,0,0,0,0
902,3,1.8991405823619309e-05,0,0,0,0,0,0,0,0,0
903,3,2.0258777117350154e-05,0,0,0,0,0,0,0,0,0
904,3,2.1610725088083706e-05,0,0,0,0,0,0,0,0,0
905,3,2.3052893870517036e-05,0,0,0,0,0,0,0,0,0
906,3,2.4591304254680426e-05,0,0,0,0,0,0,0,0,0
907,3,2.6232378821631144e-05,0,0,0,0,0,0,0,0,0
908,3,2.7982968756551108e-05,0,0,0,0,0,0,0,0,0
909,3,2.9850382451187287e-05,0,0,0,0,0,0,0,0,0
910,3,3.1842416015046425e-05,0,0,0,0,0,0,0,0,0
911,3,3.3967385822722006e-05,0,0,0,0,0,0,0,0,0
912,3,3.6234163233231462e-05,0,0,0,0,0,0,0,0,0
913,3,3.8652211626312505e-05,0,0,0,0,0,0,0,0,0
914,3,4.1231625910297427e-05,0,0,0,0,0,0,0,0,0
915,3,4.3983174666502204e-05,0,0,0,0,0,0,0,0,0
916,3,4.6918345106077986e-05,0,0,0,0,0,0,0,0,0
917,3,5.0049391027009432e-05,0,0,0,0,0,0,0,0,0
918,3,5.3389383971473479e-05,0,0,0,0,0,0,0,0,0
919,3,5.6952267797128256e-05,0,0,0,0,0,0,0,0,0
920,3,6.0752916890160602e-05,0,0,0,0,0,0,0,0,0
921,3,6.4807198263119631e-05,0,0,0,0,0,0,0,0,0
922,3,6.9132037796781304e-05,0,0,0,0,0,0,0,0,0
923,3,7.3745490902595354e-05,0,0,0,0,0,0,0,0,0
924,3,7.8666817900715751e-05,0,0,0,0,0,0,0,0,0
925,3,8.3916564428301583e-05,0,0,0,0,0,0,0,0,0
926,3,8.9516647213782813e-05,0,0,0,0,0,0,0,0,0
927,3,9.5490445575180711e-05,0,0,0,0,0,0,0,0,0
928,3,0.00010186289902446874,0,0,0,0,0,0,0,0,0
929,3,0.00010866061138545946,0,0,0,0,0,0,0,0,0
930,3,0.0001159119618598884,0,0,0,0,0,0,0,0,0
931,3,0.00012364722350537152,0,0,0,0,0,0,0,0,0
932,3,0.00013189868961986669,0,0,0,0,0,0,0,0,0
933,3,0.00014070080856026833,0,0,0,0,0,0,0,0,0
934,3,0.00015009032755797358,0,0,0,0,0,0,0,0,0
935,3,0.00016010644613183138,0,0,0,0,0,0,0,0,0
936,3,0.00017079097973894255,0,0,0,0,0,0,0,0,0
937,3,0.00018218853434651667,0,0,0,0,0,0,0,0,0
938,3,0.0001943466926536016,0,0,0,0,0,0,0,0,0
939,3,0.00020731621274012278,0,0,0,0,0,0,0,0,0
940,3,0.00022115123997254888,0,0,0,0,0,0,0,0,0
941,3,0.00023590953305086294,0,0,0,0,0,0,0,0,0
942,3,0.00025165270514053884,0,0,0,0,0,0,0,0,0
943,3,0.00026844648109619634,0,0,0,0,0,0,0,0,0
944,3,0.00028636097185081081,0,0,0,0,0,0,0,0,0
945,3,0.00030547096711599651,0,0,0,0,0,0,0,0,0
946,3,0.00032585624761532253,0,0,0,0,0,0,0,0,0
947,3,0.00034760191815419694,0,0,0,0,0,0,0,0,0
948,3,0.00037079876291681656,0,0,0,0,0,0,0,0,0
949,3,0.0003955436244734701,0,0,0,0,0,0,0,0,0
950,3,0.00042193980808050152,0,0,0,0,0,0,0,0,0
951,3,0.00045009751296080398,0,0,0,0,0,0,0,0,0
952,3,0.00048013429236534505,0,0,0,0,0,0,0,0,0
953,3,0.00051217554433642264,0,0,0,0,0,0,0,0,0
954,3,0.00054635503522148696,0,0,0,0,0,0,0,0,0
955,3,0.00058281545812308426,0,0,0,0,0,0,0,0,0
956,3,0.00062170902861638109,0,0,0,0,0,0,0,0,0
957,3,0.00066319812022126625,0,0,0,0,0,0,0,0,0
958,3,0.00070745594228198763,0,0,0,0,0,0,0,0,0
959,3,0.00075466726308438695,0,0,0,0,0,0,0,0,0
960,3,0.00080502918122959673,0,0,0,0,0,0,0,0,0
961,3,0.00085875194848451699,0,0,0,0,0,0,0,0,0
962,3,0.00091605984754436812,0,0,0,0,0,0,0,0,0
963,3,0.00097719212837179821,0,0,0,0,0,0,0,0,0
964,3,0.0010424040070215559,0,0,0,0,0,0,0,0,0
965,3,0.0011119677311206958,0,0,0,0,0,0,0,0,0
966,3,0.0011861737164524766,0,0,0,0,0,0,0,0,0
967,3,0.0012653317593889423,0,0,0,0,0,0,0,0,0
968,3,0.0013497723302339385,0,0,0,0,0,0,0,0,0
969,3,0.0014398479528760053,0,0,0,0,0,0,0,0,0
970,3,0.0015359346765108966,0,0,0,0,0,0,0,0,0
971,3,0.0016384336455779794,0,0,0,0,0,0,0,0,0
972,3,0.001747772774464678,0,0,0,0,0,0,0,0,0
973,3,0.0018644085339704851,0,0,0,0,0,0,0,0,0
974,3,0.001988827856988804,0,0,0,0,0,0,0,0,0
975,3,0.0021215501713624475,0,0,0,0,0,0,0,0,0
976,3,0.002263129568399528,0,0,0,0,0,0,0,0,0
977,3,0.0024141571161030114,0,0,0,0,0,0,0,0,0
978,3,0.002575263326771196,0,0,0,0,0,0,0,0,0
979,3,0.0027471207892708102,0,0,0,0,0,0,0,0,0
980,3,0.0029304469769721344,0,0,0,0,0,0,0,0,0
981,3,0.0031260072430686976,0,0,0,0,0,0,0,0,0
982,3,0.0033346180157863619,0,0,0,0,0,0,0,0,0
983,3,0.0035571502068213875,0,0,0,0,0,0,0,0,0
984,3,0.0037945328472369323,0,0,0,0,0,0,0,0,0
985,3,0.0040477569659973182,0,0,0,0,0,0,0,0,0
986,3,0.0043178797273320246,0,0,0,0,0,0,0,0,0
987,3,0.0046060288442023927,0,0,0,0,0,0,0,0,0
988,3,0.0049134072862963589,0,0,0,0,0,0,0,0,0
989,3,0.0052412983022060615,0,0,0,0,0,0,0,0,0
990,3,0.0055910707767552817,0,0,0,0,0,0,0,0,0
991,3,0.0059641849458424573,0,0,0,0,0,0,0,0,0
992,3,0.0063621984926574898,0,0,0,0,0,0,0,0,0
993,3,0.0067867730507232835,0,0,0,0,0,0,0,0,0
994,3,0.0072396811409108685,0,0,0,0,0,0,0,0,0
995,3,0.0077228135713886458,0,0,0,0,0,0,0,0,0
996,3,0.0082381873313996188,0,0,0,0,0,0,0,0,0
997,3,0.0087879540118212807,0,0,0,0,0,0,0,0,0
998,3,0.0093744087876629651,0,0,0,0,0,0,0,0,0
999,3,0.01,0,0,0,0,0,0,0,0,0
