batch_id,test_id,varied_index,varied_value,input_real,input_imag,original_output_real,original_output_imag,manual_output_real,manual_output_imag,herbie_output_real,herbie_output_imag,manual_vs_original,herbie_vs_original,manual_vs_herbie
2026-06-17T22:16:48,0,0,1e-06,"[1e-06, 0.5, 0.5, 0.5, 0.5]","[0.0, 0.0, 0.0, 0.0, 0.0]","[1e+30, 1e+30, 1e+30, 1e+30, 1e+30]","[0.0, 0.0, 0.0, 0.0, 0.0]","[1e+30, 1e+30, 1e+30, 1e+30, 1e+30]","[0.0, 0.0, 0.0, 0.0, 0.0]","[1e+30, 1e+30, 1e+30, 1e+30, 1e+30]","[0.0, 0.0, 0.0, 0.0, 0.0]",0.0,0.0,0.0
2026-06-17T22:16:48,1,0,1.1496402796661447e-06,"[1.1496402796661447e-06, 0.5, 0.5, 0.5, 0.5]","[0.0, 0.0, 0.0, 0.0, 0.0]","[4.9795505065344694e+29, 4.9795505065344694e+29, 4.9795505065344694e+29, 4.9795505065344694e+29, 4.9795505065344694e+29]","[0.0, 0.0, 0.0, 0.0, 0.0]","[4.9795505065344694e+29, 4.9795505065344694e+29, 4.9795505065344694e+29, 4.9795505065344694e+29, 4.9795505065344694e+29]","[0.0, 0.0, 0.0, 0.0, 0.0]","[4.9795505065344694e+29, 4.9795505065344694e+29, 4.9795505065344694e+29, 4.9795505065344694e+29, 4.9795505065344694e+29]","[0.0, 0.0, 0.0, 0.0, 0.0]",0.0,0.0,0.0
2026-06-17T22:16:48,2,0,1.3216727726308489e-06,"[1.3216727726308489e-06, 0.5, 0.5, 0.5, 0.5]","[0.0, 0.0, 0.0, 0.0, 0.0]","[2.4795923247127918e+29, 2.4795923247127918e+29, 2.4795923247127918e+29, 2.4795923247127918e+29, 2.4795923247127918e+29]","[0.0, 0.0, 0.0, 0.0, 0.0]","[2.4795923247127918e+29, 2.4795923247127918e+29, 2.4795923247127918e+29, 2.4795923247127918e+29, 2.4795923247127918e+29]","[0.0, 0.0, 0.0, 0.0, 0.0]","[2.4795923247127918e+29, 2.4795923247127918e+29, 2.4795923247127918e+29, 2.4795923247127918e+29, 2.4795923247127918e+29]","[0.0, 0.0, 0.0, 0.0, 0.0]",0.0,0.0,0.0
2026-06-17T22:16:48,3,0,1.5194482559544582e-06,"[1.5194482559544582e-06, 0.5, 0.5, 0.5, 0.5]","[0.0, 0.0, 0.0, 0.0, 0.0]","[1.2347255216522554e+29, 1.2347255216522554e+29, 1.2347255216522554e+29, 1.2347255216522554e+29, 1.2347255216522554e+29]","[0.0, 0.0, 0.0, 0.0, 0.0]","[1.2347255216522554e+29, 1.2347255216522554e+29, 1.2347255216522554e+29, 1.2347255216522554e+29, 1.2347255216522554e+29]","[0.0, 0.0, 0.0, 0.0, 0.0]","[1.2347255216522554e+29, 1.2347255216522554e+29, 1.2347255216522554e+29, 1.2347255216522554e+29, 1.2347255216522554e+29]","[0.0, 0.0, 0.0, 0.0, 0.0]",0.0,0.0,0.0
2026-06-17T22:16:48,4,0,1.7468189179137155e-06,"[1.7468189179137155e-06, 0.5, 0.5, 0.5, 0.5]","[0.0, 0.0, 0.0, 0.0, 0.0]","[6.148378096774589e+28, 6.148378096774589e+28, 6.148378096774589e+28, 6.148378096774589e+28, 6.148378096774589e+28]","[0.0, 0.0, 0.0, 0.0, 0.0]","[6.148378096774589e+28, 6.148378096774589e+28, 6.148378096774589e+28, 6.148378096774589e+28, 6.148378096774589e+28]","[0.0, 0.0, 0.0, 0.0, 0.0]","[6.148378096774589e+28, 6.148378096774589e+28, 6.148378096774589e+28, 6.148378096774589e+28, 6.148378096774589e+28]","[0.0, 0.0, 0.0, 0.0, 0.0]",0.0,0.0,0.0
2026-06-17T22:16:48,5,0,2.008213389316436e-06,"[2.008213389316436e-06, 0.5, 0.5, 0.5, 0.5]","[0.0, 0.0, 0.0, 0.0, 0.0]","[3.0616159266159337e+28, 3.0616159266159337e+28, 3.0616159266159337e+28, 3.0616159266159337e+28, 3.0616159266159337e+28]","[0.0, 0.0, 0.0, 0.0, 0.0]","[3.0616159266159337e+28, 3.0616159266159337e+28, 3.0616159266159337e+28, 3.0616159266159337e+28, 3.0616159266159337e+28]","[0.0, 0.0, 0.0, 0.0, 0.0]","[3.0616159266159337e+28, 3.0616159266159337e+28, 3.0616159266159337e+28, 3.0616159266159337e+28, 3.0616159266159337e+28]","[0.0, 0.0, 0.0, 0.0, 0.0]",0.0,0.0,0.0
2026-06-17T22:16:48,6,0,2.308723002523049e-06,"[2.308723002523049e-06, 0.5, 0.5, 0.5, 0.5]","[0.0, 0.0, 0.0, 0.0, 0.0]","[1.5245471138194201e+28, 1.5245471138194201e+28, 1.5245471138194201e+28, 1.5245471138194201e+28, 1.5245471138194201e+28]","[0.0, 0.0, 0.0, 0.0, 0.0]","[1.5245471138194201e+28, 1.5245471138194201e+28, 1.5245471138194201e+28, 1.5245471138194201e+28, 1.5245471138194201e+28]","[0.0, 0.0, 0.0, 0.0, 0.0]","[1.5245471138194201e+28, 1.5245471138194201e+28, 1.5245471138194201e+28, 1.5245471138194201e+28, 1.5245471138194201e+28]","[0.0, 0.0, 0.0, 0.0, 0.0]",0.0,0.0,0.0
2026-06-17T22:16:48,7,0,2.6542009582922486e-06,"[2.6542009582922486e-06, 0.5, 0.5, 0.5, 0.5]","[0.0, 0.0, 0.0, 0.0, 0.0]","[7.591559352855309e+27, 7.591559352855309e+27, 7.591559352855309e+27, 7.591559352855309e+27, 7.591559352855309e+27]","[0.0, 0.0, 0.0, 0.0, 0.0]","[7.591559352855309e+27, 7.591559352855309e+27, 7.591559352855309e+27, 7.591559352855309e+27, 7.591559352855309e+27]","[0.0, 0.0, 0.0, 0.0, 0.0]","[7.591559352855309e+27, 7.591559352855309e+27, 7.591559352855309e+27, 7.591559352855309e+27, 7.591559352855309e+27]","[0.0, 0.0, 0.0, 0.0, 0.0]",0.0,0.0,0.0
2026-06-17T22:16:48,8,0,3.0513763319812503e-06,"[3.0513763319812503e-06, 0.5, 0.5, 0.5, 0.5]","[0.0, 0.0, 0.0, 0.0, 0.0]","[3.7802553220897116e+27, 3.7802553220897116e+27, 3.7802553220897116e+27, 3.7802553220897116e+27, 3.7802553220897116e+27]","[0.0, 0.0, 0.0, 0.0, 0.0]","[3.7802553220897116e+27, 3.7802553220897116e+27, 3.7802553220897116e+27, 3.7802553220897116e+27, 3.7802553220897116e+27]","[0.0, 0.0, 0.0, 0.0, 0.0]","[3.7802553220897116e+27, 3.7802553220897116e+27, 3.7802553220897116e+27, 3.7802553220897116e+27, 3.7802553220897116e+27]","[0.0, 0.0, 0.0, 0.0, 0.0]",0.0,0.0,0.0
2026-06-17T22:16:48,9,0,3.5079851396655867e-06,"[3.5079851396655867e-06, 0.5, 0.5, 0.5, 0.5]","[0.0, 0.0, 0.0, 0.0, 0.0]","[1.8823972303941247e+27, 1.8823972303941247e+27, 1.8823972303941247e+27, 1.8823972303941247e+27, 1.8823972303941247e+27]","[0.0, 0.0, 0.0, 0.0, 0.0]","[1.8823972303941247e+27, 1.8823972303941247e+27, 1.8823972303941247e+27, 1.8823972303941247e+27, 1.8823972303941247e+27]","[0.0, 0.0, 0.0, 0.0, 0.0]","[1.8823972303941247e+27, 1.8823972303941247e+27, 1.8823972303941247e+27, 1.8823972303941247e+27, 1.8823972303941247e+27]","[0.0, 0.0, 0.0, 0.0, 0.0]",0.0,0.0,0.0
2026-06-17T22:16:48,10,0,4.032921017029808e-06,"[4.032921017029808e-06, 0.5, 0.5, 0.5, 0.5]","[0.0, 0.0, 0.0, 0.0, 0.0]","[9.373492082108336e+26, 9.373492082108336e+26, 9.373492082108336e+26, 9.373492082108336e+26, 9.373492082108336e+26]","[0.0, 0.0, 0.0, 0.0, 0.0]","[9.373492082108336e+26, 9.373492082108336e+26, 9.373492082108336e+26, 9.373492082108336e+26, 9.373492082108336e+26]","[0.0, 0.0, 0.0, 0.0, 0.0]","[9.373492082108336e+26, 9.373492082108336e+26, 9.373492082108336e+26, 9.373492082108336e+26, 9.373492082108336e+26]","[0.0, 0.0, 0.0, 0.0, 0.0]",0.0,0.0,0.0
2026-06-17T22:16:48,11,0,4.636408445889631e-06,"[4.636408445889631e-06, 0.5, 0.5, 0.5, 0.5]","[0.0, 0.0, 0.0, 0.0, 0.0]","[4.66757772454589e+26, 4.66757772454589e+26, 4.66757772454589e+26, 4.66757772454589e+26, 4.66757772454589e+26]","[0.0, 0.0, 0.0, 0.0, 0.0]","[4.66757772454589e+26, 4.66757772454589e+26, 4.66757772454589e+26, 4.66757772454589e+26, 4.66757772454589e+26]","[0.0, 0.0, 0.0, 0.0, 0.0]","[4.66757772454589e+26, 4.66757772454589e+26, 4.66757772454589e+26, 4.66757772454589e+26, 4.66757772454589e+26]","[0.0, 0.0, 0.0, 0.0, 0.0]",0.0,0.0,0.0
2026-06-17T22:16:48,12,0,5.330201902379021e-06,"[5.330201902379021e-06, 0.5, 0.5, 0.5, 0.5]","[0.0, 0.0, 0.0, 0.0, 0.0]","[2.3242439022551717e+26, 2.3242439022551717e+26, 2.3242439022551717e+26, 2.3242439022551717e+26, 2.3242439022551717e+26]","[0.0, 0.0, 0.0, 0.0, 0.0]","[2.3242439022551717e+26, 2.3242439022551717e+26, 2.3242439022551717e+26, 2.3242439022551717e+26, 2.3242439022551717e+26]","[0.0, 0.0, 0.0, 0.0, 0.0]","[2.3242439022551717e+26, 2.3242439022551717e+26, 2.3242439022551717e+26, 2.3242439022551717e+26, 2.3242439022551717e+26]","[0.0, 0.0, 0.0, 0.0, 0.0]",0.0,0.0,0.0
2026-06-17T22:16:48,13,0,6.127814805728022e-06,"[6.127814805728022e-06, 0.5, 0.5, 0.5, 0.5]","[0.0, 0.0, 0.0, 0.0, 0.0]","[1.1573689900784503e+26, 1.1573689900784503e+26, 1.1573689900784503e+26, 1.1573689900784503e+26, 1.1573689900784503e+26]","[0.0, 0.0, 0.0, 0.0, 0.0]","[1.1573689900784503e+26, 1.1573689900784503e+26, 1.1573689900784503e+26, 1.1573689900784503e+26, 1.1573689900784503e+26]","[0.0, 0.0, 0.0, 0.0, 0.0]","[1.1573689900784503e+26, 1.1573689900784503e+26, 1.1573689900784503e+26, 1.1573689900784503e+26, 1.1573689900784503e+26]","[0.0, 0.0, 0.0, 0.0, 0.0]",0.0,0.0,0.0
2026-06-17T22:16:48,14,0,7.04478272699952e-06,"[7.04478272699952e-06, 0.5, 0.5, 0.5, 0.5]","[0.0, 0.0, 0.0, 0.0, 0.0]","[5.763177340792372e+25, 5.763177340792372e+25, 5.763177340792372e+25, 5.763177340792372e+25, 5.763177340792372e+25]","[0.0, 0.0, 0.0, 0.0, 0.0]","[5.763177340792372e+25, 5.763177340792372e+25, 5.763177340792372e+25, 5.763177340792372e+25, 5.763177340792372e+25]","[0.0, 0.0, 0.0, 0.0, 0.0]","[5.763177340792372e+25, 5.763177340792372e+25, 5.763177340792372e+25, 5.763177340792372e+25, 5.763177340792372e+25]","[0.0, 0.0, 0.0, 0.0, 0.0]",0.0,0.0,0.0
2026-06-17T22:16:48,15,0,8.098965984454938e-06,"[8.098965984454938e-06, 0.5, 0.5, 0.5, 0.5]","[0.0, 0.0, 0.0, 0.0, 0.0]","[2.8698032646590913e+25, 2.8698032646590913e+25, 2.8698032646590913e+25, 2.8698032646590913e+25, 2.8698032646590913e+25]","[0.0, 0.0, 0.0, 0.0, 0.0]","[2.8698032646590913e+25, 2.8698032646590913e+25, 2.8698032646590913e+25, 2.8698032646590913e+25, 2.8698032646590913e+25]","[0.0, 0.0, 0.0, 0.0, 0.0]","[2.8698032646590913e+25, 2.8698032646590913e+25, 2.8698032646590913e+25, 2.8698032646590913e+25, 2.8698032646590913e+25]","[0.0, 0.0, 0.0, 0.0, 0.0]",0.0,0.0,0.0
2026-06-17T22:16:48,16,0,9.310897519375368e-06,"[9.310897519375368e-06, 0.5, 0.5, 0.5, 0.5]","[0.0, 0.0, 0.0, 0.0, 0.0]","[1.429033030018745e+25, 1.429033030018745e+25, 1.429033030018745e+25, 1.429033030018745e+25, 1.429033030018745e+25]","[0.0, 0.0, 0.0, 0.0, 0.0]","[1.429033030018745e+25, 1.429033030018745e+25, 1.429033030018745e+25, 1.429033030018745e+25, 1.429033030018745e+25]","[0.0, 0.0, 0.0, 0.0, 0.0]","[1.429033030018745e+25, 1.429033030018745e+25, 1.429033030018745e+25, 1.429033030018745e+25, 1.429033030018745e+25]","[0.0, 0.0, 0.0, 0.0, 0.0]",0.0,0.0,0.0
2026-06-17T22:16:48,17,0,1.0704182828117511e-05,"[1.0704182828117511e-05, 0.5, 0.5, 0.5, 0.5]","[0.0, 0.0, 0.0, 0.0, 0.0]","[7.115942148484326e+24, 7.115942148484326e+24, 7.115942148484326e+24, 7.115942148484326e+24, 7.115942148484326e+24]","[0.0, 0.0, 0.0, 0.0, 0.0]","[7.115942148484326e+24, 7.115942148484326e+24, 7.115942148484326e+24, 7.115942148484326e+24, 7.115942148484326e+24]","[0.0, 0.0, 0.0, 0.0, 0.0]","[7.115942148484326e+24, 7.115942148484326e+24, 7.115942148484326e+24, 7.115942148484326e+24, 7.115942148484326e+24]","[0.0, 0.0, 0.0, 0.0, 0.0]",0.0,0.0,0.0
2026-06-17T22:16:48,18,0,1.230595974011456e-05,"[1.230595974011456e-05, 0.5, 0.5, 0.5, 0.5]","[0.0, 0.0, 0.0, 0.0, 0.0]","[3.5434193329955084e+24, 3.5434193329955084e+24, 3.5434193329955084e+24, 3.5434193329955084e+24, 3.5434193329955084e+24]","[0.0, 0.0, 0.0, 0.0, 0.0]","[3.5434193329955084e+24, 3.5434193329955084e+24, 3.5434193329955084e+24, 3.5434193329955084e+24, 3.5434193329955084e+24]","[0.0, 0.0, 0.0, 0.0, 0.0]","[3.5434193329955084e+24, 3.5434193329955084e+24, 3.5434193329955084e+24, 3.5434193329955084e+24, 3.5434193329955084e+24]","[0.0, 0.0, 0.0, 0.0, 0.0]",0.0,0.0,0.0
2026-06-17T22:16:48,19,0,1.4147426997185592e-05,"[1.4147426997185592e-05, 0.5, 0.5, 0.5, 0.5]","[0.0, 0.0, 0.0, 0.0, 0.0]","[1.7644635534481985e+24, 1.7644635534481985e+24, 1.7644635534481985e+24, 1.7644635534481985e+24, 1.7644635534481985e+24]","[0.0, 0.0, 0.0, 0.0, 0.0]","[1.7644635534481985e+24, 1.7644635534481985e+24, 1.7644635534481985e+24, 1.7644635534481985e+24, 1.7644635534481985e+24]","[0.0, 0.0, 0.0, 0.0, 0.0]","[1.7644635534481985e+24, 1.7644635534481985e+24, 1.7644635534481985e+24, 1.7644635534481985e+24, 1.7644635534481985e+24]","[0.0, 0.0, 0.0, 0.0, 0.0]",0.0,0.0,0.0
2026-06-17T22:16:48,20,0,1.626445192960078e-05,"[1.626445192960078e-05, 0.5, 0.5, 0.5, 0.5]","[0.0, 0.0, 0.0, 0.0, 0.0]","[8.786235381334668e+23, 8.786235381334668e+23, 8.786235381334668e+23, 8.786235381334668e+23, 8.786235381334668e+23]","[0.0, 0.0, 0.0, 0.0, 0.0]","[8.786235381334668e+23, 8.786235381334668e+23, 8.786235381334668e+23, 8.786235381334668e+23, 8.786235381334668e+23]","[0.0, 0.0, 0.0, 0.0, 0.0]","[8.786235381334668e+23, 8.786235381334668e+23, 8.786235381334668e+23, 8.786235381334668e+23, 8.786235381334668e+23]","[0.0, 0.0, 0.0, 0.0, 0.0]",0.0,0.0,0.0
2026-06-17T22:16:48,21,0,1.8698269064962845e-05,"[1.8698269064962845e-05, 0.5, 0.5, 0.5, 0.5]","[0.0, 0.0, 0.0, 0.0, 0.0]","[4.375150284365567e+23, 4.375150284365567e+23, 4.375150284365567e+23, 4.375150284365567e+23, 4.375150284365567e+23]","[0.0, 0.0, 0.0, 0.0, 0.0]","[4.375150284365567e+23, 4.375150284365567e+23, 4.375150284365567e+23, 4.375150284365567e+23, 4.375150284365567e+23]","[0.0, 0.0, 0.0, 0.0, 0.0]","[4.375150284365567e+23, 4.375150284365567e+23, 4.375150284365567e+23, 4.375150284365567e+23, 4.375150284365567e+23]","[0.0, 0.0, 0.0, 0.0, 0.0]",0.0,0.0,0.0
2026-06-17T22:16:48,22,0,2.1496283277116664e-05,"[2.1496283277116664e-05, 0.5, 0.5, 0.5, 0.5]","[0.0, 0.0, 0.0, 0.0, 0.0]","[2.1786281814677204e+23, 2.1786281814677204e+23, 2.1786281814677204e+23, 2.1786281814677204e+23, 2.1786281814677204e+23]","[0.0, 0.0, 0.0, 0.0, 0.0]","[2.1786281814677204e+23, 2.1786281814677204e+23, 2.1786281814677204e+23, 2.1786281814677204e+23, 2.1786281814677204e+23]","[0.0, 0.0, 0.0, 0.0, 0.0]","[2.1786281814677204e+23, 2.1786281814677204e+23, 2.1786281814677204e+23, 2.1786281814677204e+23, 2.1786281814677204e+23]","[0.0, 0.0, 0.0, 0.0, 0.0]",0.0,0.0,0.0
2026-06-17T22:16:48,23,0,2.4712993118487075e-05,"[2.4712993118487075e-05, 0.5, 0.5, 0.5, 0.5]","[0.0, 0.0, 0.0, 0.0, 0.0]","[1.0848589064577848e+23, 1.0848589064577848e+23, 1.0848589064577848e+23, 1.0848589064577848e+23, 1.0848589064577848e+23]","[0.0, 0.0, 0.0, 0.0, 0.0]","[1.0848589064577848e+23, 1.0848589064577848e+23, 1.0848589064577848e+23, 1.0848589064577848e+23, 1.0848589064577848e+23]","[0.0, 0.0, 0.0, 0.0, 0.0]","[1.0848589064577848e+23, 1.0848589064577848e+23, 1.0848589064577848e+23, 1.0848589064577848e+23, 1.0848589064577848e+23]","[0.0, 0.0, 0.0, 0.0, 0.0]",0.0,0.0,0.0
2026-06-17T22:16:48,24,0,2.841105232012499e-05,"[2.841105232012499e-05, 0.5, 0.5, 0.5, 0.5]","[0.0, 0.0, 0.0, 0.0, 0.0]","[5.40210971717029e+22, 5.40210971717029e+22, 5.40210971717029e+22, 5.40210971717029e+22, 5.40210971717029e+22]","[0.0, 0.0, 0.0, 0.0, 0.0]","[5.40210971717029e+22, 5.40210971717029e+22, 5.40210971717029e+22, 5.40210971717029e+22, 5.40210971717029e+22]","[0.0, 0.0, 0.0, 0.0, 0.0]","[5.40210971717029e+22, 5.40210971717029e+22, 5.40210971717029e+22, 5.40210971717029e+22, 5.40210971717029e+22]","[0.0, 0.0, 0.0, 0.0, 0.0]",0.0,0.0,0.0
2026-06-17T22:16:48,25,0,3.26624901349179e-05,"[3.26624901349179e-05, 0.5, 0.5, 0.5, 0.5]","[0.0, 0.0, 0.0, 0.0, 0.0]","[2.690007817849035e+22, 2.690007817849035e+22, 2.690007817849035e+22, 2.690007817849035e+22, 2.690007817849035e+22]","[0.0, 0.0, 0.0, 0.0, 0.0]","[2.690007817849035e+22, 2.690007817849035e+22, 2.690007817849035e+22, 2.690007817849035e+22, 2.690007817849035e+22]","[0.0, 0.0, 0.0, 0.0, 0.0]","[2.690007817849035e+22, 2.690007817849035e+22, 2.690007817849035e+22, 2.690007817849035e+22, 2.690007817849035e+22]","[0.0, 0.0, 0.0, 0.0, 0.0]",0.0,0.0,0.0
2026-06-17T22:16:48,26,0,3.755011429329971e-05,"[3.755011429329971e-05, 0.5, 0.5, 0.5, 0.5]","[0.0, 0.0, 0.0, 0.0, 0.0]","[1.3395029791951844e+22, 1.3395029791951844e+22, 1.3395029791951844e+22, 1.3395029791951844e+22, 1.3395029791951844e+22]","[0.0, 0.0, 0.0, 0.0, 0.0]","[1.3395029791951844e+22, 1.3395029791951844e+22, 1.3395029791951844e+22, 1.3395029791951844e+22, 1.3395029791951844e+22]","[0.0, 0.0, 0.0, 0.0, 0.0]","[1.3395029791951844e+22, 1.3395029791951844e+22, 1.3395029791951844e+22, 1.3395029791951844e+22, 1.3395029791951844e+22]","[0.0, 0.0, 0.0, 0.0, 0.0]",0.0,0.0,0.0
2026-06-17T22:16:48,27,0,4.3169123897644775e-05,"[4.3169123897644775e-05, 0.5, 0.5, 0.5, 0.5]","[0.0, 0.0, 0.0, 0.0, 0.0]","[6.670122738555813e+21, 6.670122738555813e+21, 6.670122738555813e+21, 6.670122738555813e+21, 6.670122738555813e+21]","[0.0, 0.0, 0.0, 0.0, 0.0]","[6.670122738555813e+21, 6.670122738555813e+21, 6.670122738555813e+21, 6.670122738555813e+21, 6.670122738555813e+21]","[0.0, 0.0, 0.0, 0.0, 0.0]","[6.670122738555813e+21, 6.670122738555813e+21, 6.670122738555813e+21, 6.670122738555813e+21, 6.670122738555813e+21]","[0.0, 0.0, 0.0, 0.0, 0.0]",0.0,0.0,0.0
2026-06-17T22:16:48,28,0,4.962896367063069e-05,"[4.962896367063069e-05, 0.5, 0.5, 0.5, 0.5]","[0.0, 0.0, 0.0, 0.0, 0.0]","[3.3214213061422995e+21, 3.3214213061422995e+21, 3.3214213061422995e+21, 3.3214213061422995e+21, 3.3214213061422995e+21]","[0.0, 0.0, 0.0, 0.0, 0.0]","[3.3214213061422995e+21, 3.3214213061422995e+21, 3.3214213061422995e+21, 3.3214213061422995e+21, 3.3214213061422995e+21]","[0.0, 0.0, 0.0, 0.0, 0.0]","[3.3214213061422995e+21, 3.3214213061422995e+21, 3.3214213061422995e+21, 3.3214213061422995e+21, 3.3214213061422995e+21]","[0.0, 0.0, 0.0, 0.0, 0.0]",0.0,0.0,0.0
2026-06-17T22:16:48,29,0,5.705545567384481e-05,"[5.705545567384481e-05, 0.5, 0.5, 0.5, 0.5]","[0.0, 0.0, 0.0, 0.0, 0.0]","[1.6539185147415253e+21, 1.6539185147415253e+21, 1.6539185147415253e+21, 1.6539185147415253e+21, 1.6539185147415253e+21]","[0.0, 0.0, 0.0, 0.0, 0.0]","[1.6539185147415253e+21, 1.6539185147415253e+21, 1.6539185147415253e+21, 1.6539185147415253e+21, 1.6539185147415253e+21]","[0.0, 0.0, 0.0, 0.0, 0.0]","[1.6539185147415253e+21, 1.6539185147415253e+21, 1.6539185147415253e+21, 1.6539185147415253e+21, 1.6539185147415253e+21]","[0.0, 0.0, 0.0, 0.0, 0.0]",0.0,0.0,0.0
2026-06-17T22:16:48,30,0,6.559325001735828e-05,"[6.559325001735828e-05, 0.5, 0.5, 0.5, 0.5]","[0.0, 0.0, 0.0, 0.0, 0.0]","[8.235770777847893e+20, 8.235770777847893e+20, 8.235770777847893e+20, 8.235770777847893e+20, 8.235770777847893e+20]","[0.0, 0.0, 0.0, 0.0, 0.0]","[8.235770777847893e+20, 8.235770777847893e+20, 8.235770777847893e+20, 8.235770777847893e+20, 8.235770777847893e+20]","[0.0, 0.0, 0.0, 0.0, 0.0]","[8.235770777847893e+20, 8.235770777847893e+20, 8.235770777847893e+20, 8.235770777847893e+20, 8.235770777847893e+20]","[0.0, 0.0, 0.0, 0.0, 0.0]",0.0,0.0,0.0
2026-06-17T22:16:48,31,0,7.540864229416697e-05,"[7.540864229416697e-05, 0.5, 0.5, 0.5, 0.5]","[0.0, 0.0, 0.0, 0.0, 0.0]","[4.101043654853465e+20, 4.101043654853465e+20, 4.101043654853465e+20, 4.101043654853465e+20, 4.101043654853465e+20]","[0.0, 0.0, 0.0, 0.0, 0.0]","[4.101043654853465e+20, 4.101043654853465e+20, 4.101043654853465e+20, 4.101043654853465e+20, 4.101043654853465e+20]","[0.0, 0.0, 0.0, 0.0, 0.0]","[4.101043654853465e+20, 4.101043654853465e+20, 4.101043654853465e+20, 4.101043654853465e+20, 4.101043654853465e+20]","[0.0, 0.0, 0.0, 0.0, 0.0]",0.0,0.0,0.0
2026-06-17T22:16:48,32,0,8.669281261631039e-05,"[8.669281261631039e-05, 0.5, 0.5, 0.5, 0.5]","[0.0, 0.0, 0.0, 0.0, 0.0]","[2.042135400884554e+20, 2.042135400884554e+20, 2.042135400884554e+20, 2.042135400884554e+20, 2.042135400884554e+20]","[0.0, 0.0, 0.0, 0.0, 0.0]","[2.042135400884554e+20, 2.042135400884554e+20, 2.042135400884554e+20, 2.042135400884554e+20, 2.042135400884554e+20]","[0.0, 0.0, 0.0, 0.0, 0.0]","[2.042135400884554e+20, 2.042135400884554e+20, 2.042135400884554e+20, 2.042135400884554e+20, 2.042135400884554e+20]","[0.0, 0.0, 0.0, 0.0, 0.0]",0.0,0.0,0.0
2026-06-17T22:16:48,33,0,9.966554934125955e-05,"[9.966554934125955e-05, 0.5, 0.5, 0.5, 0.5]","[0.0, 0.0, 0.0, 0.0, 0.0]","[1.0168916369886754e+20, 1.0168916369886754e+20, 1.0168916369886754e+20, 1.0168916369886754e+20, 1.0168916369886754e+20]","[0.0, 0.0, 0.0, 0.0, 0.0]","[1.0168916369886754e+20, 1.0168916369886754e+20, 1.0168916369886754e+20, 1.0168916369886754e+20, 1.0168916369886754e+20]","[0.0, 0.0, 0.0, 0.0, 0.0]","[1.0168916369886754e+20, 1.0168916369886754e+20, 1.0168916369886754e+20, 1.0168916369886754e+20, 1.0168916369886754e+20]","[0.0, 0.0, 0.0, 0.0, 0.0]",0.0,0.0,0.0
2026-06-17T22:16:48,34,0,0.00011457953001776559,"[0.00011457953001776559, 0.5, 0.5, 0.5, 0.5]","[0.0, 0.0, 0.0, 0.0, 0.0]","[5.063663266057621e+19, 5.063663266057621e+19, 5.063663266057621e+19, 5.063663266057621e+19, 5.063663266057621e+19]","[0.0, 0.0, 0.0, 0.0, 0.0]","[5.063663266057621e+19, 5.063663266057621e+19, 5.063663266057621e+19, 5.063663266057621e+19, 5.063663266057621e+19]","[0.0, 0.0, 0.0, 0.0, 0.0]","[5.063663266057621e+19, 5.063663266057621e+19, 5.063663266057621e+19, 5.063663266057621e+19, 5.063663266057621e+19]","[0.0, 0.0, 0.0, 0.0, 0.0]",0.0,0.0,0.0
2026-06-17T22:16:48,35,0,0.00013172524293363945,"[0.00013172524293363945, 0.5, 0.5, 0.5, 0.5]","[0.0, 0.0, 0.0, 0.0, 0.0]","[2.521476698141721e+19, 2.521476698141721e+19, 2.521476698141721e+19, 2.521476698141721e+19, 2.521476698141721e+19]","[0.0, 0.0, 0.0, 0.0, 0.0]","[2.521476698141721e+19, 2.521476698141721e+19, 2.521476698141721e+19, 2.521476698141721e+19, 2.521476698141721e+19]","[0.0, 0.0, 0.0, 0.0, 0.0]","[2.521476698141721e+19, 2.521476698141721e+19, 2.521476698141721e+19, 2.521476698141721e+19, 2.521476698141721e+19]","[0.0, 0.0, 0.0, 0.0, 0.0]",0.0,0.0,0.0
2026-06-17T22:16:48,36,0,0.00015143664512531996,"[0.00015143664512531996, 0.5, 0.5, 0.5, 0.5]","[0.0, 0.0, 0.0, 0.0, 0.0]","[1.2555820569446527e+19, 1.2555820569446527e+19, 1.2555820569446527e+19, 1.2555820569446527e+19, 1.2555820569446527e+19]","[0.0, 0.0, 0.0, 0.0, 0.0]","[1.2555820569446527e+19, 1.2555820569446527e+19, 1.2555820569446527e+19, 1.2555820569446527e+19, 1.2555820569446527e+19]","[0.0, 0.0, 0.0, 0.0, 0.0]","[1.2555820569446527e+19, 1.2555820569446527e+19, 1.2555820569446527e+19, 1.2555820569446527e+19, 1.2555820569446527e+19]","[0.0, 0.0, 0.0, 0.0, 0.0]",0.0,0.0,0.0
2026-06-17T22:16:48,37,0,0.00017409766705357574,"[0.00017409766705357574, 0.5, 0.5, 0.5, 0.5]","[0.0, 0.0, 0.0, 0.0, 0.0]","[6.2522342676543e+18, 6.2522342676543e+18, 6.2522342676543e+18, 6.2522342676543e+18, 6.2522342676543e+18]","[0.0, 0.0, 0.0, 0.0, 0.0]","[6.2522342676543e+18, 6.2522342676543e+18, 6.2522342676543e+18, 6.2522342676543e+18, 6.2522342676543e+18]","[0.0, 0.0, 0.0, 0.0, 0.0]","[6.2522342676543e+18, 6.2522342676543e+18, 6.2522342676543e+18, 6.2522342676543e+18, 6.2522342676543e+18]","[0.0, 0.0, 0.0, 0.0, 0.0]",0.0,0.0,0.0
2026-06-17T22:16:48,38,0,0.00020014969064069575,"[0.00020014969064069575, 0.5, 0.5, 0.5, 0.5]","[0.0, 0.0, 0.0, 0.0, 0.0]","[3.1133316314470467e+18, 3.1133316314470467e+18, 3.1133316314470467e+18, 3.1133316314470467e+18, 3.1133316314470467e+18]","[0.0, 0.0, 0.0, 0.0, 0.0]","[3.1133316314470467e+18, 3.1133316314470467e+18, 3.1133316314470467e+18, 3.1133316314470467e+18, 3.1133316314470467e+18]","[0.0, 0.0, 0.0, 0.0, 0.0]","[3.1133316314470467e+18, 3.1133316314470467e+18, 3.1133316314470467e+18, 3.1133316314470467e+18, 3.1133316314470467e+18]","[0.0, 0.0, 0.0, 0.0, 0.0]",0.0,0.0,0.0
2026-06-17T22:16:48,39,0,0.00023010014632326138,"[0.00023010014632326138, 0.5, 0.5, 0.5, 0.5]","[0.0, 0.0, 0.0, 0.0, 0.0]","[1.5502992102382075e+18, 1.5502992102382075e+18, 1.5502992102382075e+18, 1.5502992102382075e+18, 1.5502992102382075e+18]","[0.0, 0.0, 0.0, 0.0, 0.0]","[1.5502992102382075e+18, 1.5502992102382075e+18, 1.5502992102382075e+18, 1.5502992102382075e+18, 1.5502992102382075e+18]","[0.0, 0.0, 0.0, 0.0, 0.0]","[1.5502992102382075e+18, 1.5502992102382075e+18, 1.5502992102382075e+18, 1.5502992102382075e+18, 1.5502992102382075e+18]","[0.0, 0.0, 0.0, 0.0, 0.0]",0.0,0.0,0.0
2026-06-17T22:16:48,40,0,0.0002645323965702956,"[0.0002645323965702956, 0.5, 0.5, 0.5, 0.5]","[0.0, 0.0, 0.0, 0.0, 0.0]","[7.719793217621577e+17, 7.719793217621577e+17, 7.719793217621577e+17, 7.719793217621577e+17, 7.719793217621577e+17]","[0.0, 0.0, 0.0, 0.0, 0.0]","[7.719793217621577e+17, 7.719793217621577e+17, 7.719793217621577e+17, 7.719793217621577e+17, 7.719793217621577e+17]","[0.0, 0.0, 0.0, 0.0, 0.0]","[7.719793217621577e+17, 7.719793217621577e+17, 7.719793217621577e+17, 7.719793217621577e+17, 7.719793217621577e+17]","[0.0, 0.0, 0.0, 0.0, 0.0]",0.0,0.0,0.0
2026-06-17T22:16:48,41,0,0.0003041170983738295,"[0.0003041170983738295, 0.5, 0.5, 0.5, 0.5]","[0.0, 0.0, 0.0, 0.0, 0.0]","[3.844110022714931e+17, 3.844110022714931e+17, 3.844110022714931e+17, 3.844110022714931e+17, 3.844110022714931e+17]","[0.0, 0.0, 0.0, 0.0, 0.0]","[3.844110022714931e+17, 3.844110022714931e+17, 3.844110022714931e+17, 3.844110022714931e+17, 3.844110022714931e+17]","[0.0, 0.0, 0.0, 0.0, 0.0]","[3.844110022714931e+17, 3.844110022714931e+17, 3.844110022714931e+17, 3.844110022714931e+17, 3.844110022714931e+17]","[0.0, 0.0, 0.0, 0.0, 0.0]",0.0,0.0,0.0
2026-06-17T22:16:48,42,0,0.0003496252660257458,"[0.0003496252660257458, 0.5, 0.5, 0.5, 0.5]","[0.0, 0.0, 0.0, 0.0, 0.0]","[1.9141940010784397e+17, 1.9141940010784397e+17, 1.9141940010784397e+17, 1.9141940010784397e+17, 1.9141940010784397e+17]","[0.0, 0.0, 0.0, 0.0, 0.0]","[1.9141940010784397e+17, 1.9141940010784397e+17, 1.9141940010784397e+17, 1.9141940010784397e+17, 1.9141940010784397e+17]","[0.0, 0.0, 0.0, 0.0, 0.0]","[1.9141940010784397e+17, 1.9141940010784397e+17, 1.9141940010784397e+17, 1.9141940010784397e+17, 1.9141940010784397e+17]","[0.0, 0.0, 0.0, 0.0, 0.0]",0.0,0.0,0.0
2026-06-17T22:16:48,43,0,0.0004019432886121883,"[0.0004019432886121883, 0.5, 0.5, 0.5, 0.5]","[0.0, 0.0, 0.0, 0.0, 0.0]","[9.531825707675464e+16, 9.531825707675464e+16, 9.531825707675464e+16, 9.531825707675464e+16, 9.531825707675464e+16]","[0.0, 0.0, 0.0, 0.0, 0.0]","[9.531825707675464e+16, 9.531825707675464e+16, 9.531825707675464e+16, 9.531825707675464e+16, 9.531825707675464e+16]","[0.0, 0.0, 0.0, 0.0, 0.0]","[9.531825707675464e+16, 9.531825707675464e+16, 9.531825707675464e+16, 9.531825707675464e+16, 9.531825707675464e+16]","[0.0, 0.0, 0.0, 0.0, 0.0]",0.0,0.0,0.0
2026-06-17T22:16:48,44,0,0.0004620901947300456,"[0.0004620901947300456, 0.5, 0.5, 0.5, 0.5]","[0.0, 0.0, 0.0, 0.0, 0.0]","[4.746420753085418e+16, 4.746420753085418e+16, 4.746420753085418e+16, 4.746420753085418e+16, 4.746420753085418e+16]","[0.0, 0.0, 0.0, 0.0, 0.0]","[4.746420753085418e+16, 4.746420753085418e+16, 4.746420753085418e+16, 4.746420753085418e+16, 4.746420753085418e+16]","[0.0, 0.0, 0.0, 0.0, 0.0]","[4.746420753085418e+16, 4.746420753085418e+16, 4.746420753085418e+16, 4.746420753085418e+16, 4.746420753085418e+16]","[0.0, 0.0, 0.0, 0.0, 0.0]",0.0,0.0,0.0
2026-06-17T22:16:48,45,0,0.0005312375007004329,"[0.0005312375007004329, 0.5, 0.5, 0.5, 0.5]","[0.0, 0.0, 0.0, 0.0, 0.0]","[2.363504186525248e+16, 2.363504186525248e+16, 2.363504186525248e+16, 2.363504186525248e+16, 2.363504186525248e+16]","[0.0, 0.0, 0.0, 0.0, 0.0]","[2.363504186525248e+16, 2.363504186525248e+16, 2.363504186525248e+16, 2.363504186525248e+16, 2.363504186525248e+16]","[0.0, 0.0, 0.0, 0.0, 0.0]","[2.363504186525248e+16, 2.363504186525248e+16, 2.363504186525248e+16, 2.363504186525248e+16, 2.363504186525248e+16]","[0.0, 0.0, 0.0, 0.0, 0.0]",0.0,0.0,0.0
2026-06-17T22:16:48,46,0,0.0006107320288743889,"[0.0006107320288743889, 0.5, 0.5, 0.5, 0.5]","[0.0, 0.0, 0.0, 0.0, 0.0]","[1.1769188469208414e+16, 1.1769188469208414e+16, 1.1769188469208414e+16, 1.1769188469208414e+16, 1.1769188469208414e+16]","[0.0, 0.0, 0.0, 0.0, 0.0]","[1.1769188469208414e+16, 1.1769188469208414e+16, 1.1769188469208414e+16, 1.1769188469208414e+16, 1.1769188469208414e+16]","[0.0, 0.0, 0.0, 0.0, 0.0]","[1.1769188469208414e+16, 1.1769188469208414e+16, 1.1769188469208414e+16, 1.1769188469208414e+16, 1.1769188469208414e+16]","[0.0, 0.0, 0.0, 0.0, 0.0]",0.0,0.0,0.0
2026-06-17T22:16:48,47,0,0.0007021221404762237,"[0.0007021221404762237, 0.5, 0.5, 0.5, 0.5]","[0.0, 0.0, 0.0, 0.0, 0.0]","[5860526840334872.0, 5860526840334874.0, 5860526840334874.0, 5860526840334874.0, 5860526840334874.0]","[0.0, 0.0, 0.0, 0.0, 0.0]","[5860526840334872.0, 5860526840334874.0, 5860526840334874.0, 5860526840334874.0, 5860526840334874.0]","[0.0, 0.0, 0.0, 0.0, 0.0]","[5860526840334872.0, 5860526840334874.0, 5860526840334874.0, 5860526840334874.0, 5860526840334874.0]","[0.0, 0.0, 0.0, 0.0, 0.0]",0.0,0.0,0.0
2026-06-17T22:16:48,48,0,0.0008071878939368771,"[0.0008071878939368771, 0.5, 0.5, 0.5, 0.5]","[0.0, 0.0, 0.0, 0.0, 0.0]","[2918278939635028.0, 2918278939635029.0, 2918278939635029.0, 2918278939635029.0, 2918278939635029.5]","[0.0, 0.0, 0.0, 0.0, 0.0]","[2918278939635028.0, 2918278939635029.0, 2918278939635029.0, 2918278939635029.0, 2918278939635029.5]","[0.0, 0.0, 0.0, 0.0, 0.0]","[2918278939635028.0, 2918278939635029.0, 2918278939635029.0, 2918278939635029.0, 2918278939635029.5]","[0.0, 0.0, 0.0, 0.0, 0.0]",0.0,0.0,0.0
2026-06-17T22:16:48,49,0,0.0009279757161287188,"[0.0009279757161287188, 0.5, 0.5, 0.5, 0.5]","[0.0, 0.0, 0.0, 0.0, 0.0]","[1453171737206993.8, 1453171737206995.0, 1453171737206995.0, 1453171737206995.0, 1453171737206995.0]","[0.0, 0.0, 0.0, 0.0, 0.0]","[1453171737206993.8, 1453171737206995.0, 1453171737206995.0, 1453171737206995.0, 1453171737206995.0]","[0.0, 0.0, 0.0, 0.0, 0.0]","[1453171737206993.8, 1453171737206995.0, 1453171737206995.0, 1453171737206995.0, 1453171737206995.0]","[0.0, 0.0, 0.0, 0.0, 0.0]",0.0,0.0,0.0
2026-06-17T22:16:48,50,0,0.001066838261813609,"[0.001066838261813609, 0.5, 0.5, 0.5, 0.5]","[0.0, 0.0, 0.0, 0.0, 0.0]","[723614206009207.0, 723614206009208.4, 723614206009208.4, 723614206009208.4, 723614206009208.5]","[0.0, 0.0, 0.0, 0.0, 0.0]","[723614206009207.0, 723614206009208.4, 723614206009208.4, 723614206009208.4, 723614206009208.5]","[0.0, 0.0, 0.0, 0.0, 0.0]","[723614206009207.0, 723614206009208.4, 723614206009208.4, 723614206009208.4, 723614206009208.5]","[0.0, 0.0, 0.0, 0.0, 0.0]",0.0,0.0,0.0
2026-06-17T22:16:48,51,0,0.0012264802376699413,"[0.0012264802376699413, 0.5, 0.5, 0.5, 0.5]","[0.0, 0.0, 0.0, 0.0, 0.0]","[360327348606984.94, 360327348606986.2, 360327348606986.2, 360327348606986.2, 360327348606986.4]","[0.0, 0.0, 0.0, 0.0, 0.0]","[360327348606984.94, 360327348606986.2, 360327348606986.2, 360327348606986.2, 360327348606986.4]","[0.0, 0.0, 0.0, 0.0, 0.0]","[360327348606984.94, 360327348606986.2, 360327348606986.2, 360327348606986.2, 360327348606986.4]","[0.0, 0.0, 0.0, 0.0, 0.0]",0.0,0.0,0.0
2026-06-17T22:16:48,52,0,0.0014100110834398697,"[0.0014100110834398697, 0.5, 0.5, 0.5, 0.5]","[0.0, 0.0, 0.0, 0.0, 0.0]","[179426823127515.75, 179426823127517.0, 179426823127516.97, 179426823127516.97, 179426823127517.12]","[0.0, 0.0, 0.0, 0.0, 0.0]","[179426823127515.75, 179426823127517.0, 179426823127516.97, 179426823127516.97, 179426823127517.12]","[0.0, 0.0, 0.0, 0.0, 0.0]","[179426823127515.75, 179426823127517.0, 179426823127516.97, 179426823127516.97, 179426823127517.12]","[0.0, 0.0, 0.0, 0.0, 0.0]",0.0,0.0,0.0
2026-06-17T22:16:48,53,0,0.0016210055362981756,"[0.0016210055362981756, 0.5, 0.5, 0.5, 0.5]","[0.0, 0.0, 0.0, 0.0, 0.0]","[89346492799137.5, 89346492799138.77, 89346492799138.75, 89346492799138.75, 89346492799138.9]","[0.0, 0.0, 0.0, 0.0, 0.0]","[89346492799137.5, 89346492799138.77, 89346492799138.75, 89346492799138.75, 89346492799138.9]","[0.0, 0.0, 0.0, 0.0, 0.0]","[89346492799137.5, 89346492799138.77, 89346492799138.75, 89346492799138.75, 89346492799138.9]","[0.0, 0.0, 0.0, 0.0, 0.0]",0.0,0.0,0.0
2026-06-17T22:16:48,54,0,0.0018635732580902034,"[0.0018635732580902034, 0.5, 0.5, 0.5, 0.5]","[0.0, 0.0, 0.0, 0.0, 0.0]","[44490537347579.266, 44490537347580.54, 44490537347580.516, 44490537347580.52, 44490537347580.68]","[0.0, 0.0, 0.0, 0.0, 0.0]","[44490537347579.266, 44490537347580.54, 44490537347580.516, 44490537347580.52, 44490537347580.68]","[0.0, 0.0, 0.0, 0.0, 0.0]","[44490537347579.266, 44490537347580.54, 44490537347580.516, 44490537347580.52, 44490537347580.68]","[0.0, 0.0, 0.0, 0.0, 0.0]",0.0,0.0,0.0
2026-06-17T22:16:48,55,0,0.002142438881609166,"[0.002142438881609166, 0.5, 0.5, 0.5, 0.5]","[0.0, 0.0, 0.0, 0.0, 0.0]","[22154287778580.098, 22154287778581.367, 22154287778581.348, 22154287778581.35, 22154287778581.508]","[0.0, 0.0, 0.0, 0.0, 0.0]","[22154287778580.098, 22154287778581.367, 22154287778581.348, 22154287778581.35, 22154287778581.508]","[0.0, 0.0, 0.0, 0.0, 0.0]","[22154287778580.098, 22154287778581.367, 22154287778581.348, 22154287778581.35, 22154287778581.508]","[0.0, 0.0, 0.0, 0.0, 0.0]",0.0,0.0,0.0
2026-06-17T22:16:48,56,0,0.002463034035020781,"[0.002463034035020781, 0.5, 0.5, 0.5, 0.5]","[0.0, 0.0, 0.0, 0.0, 0.0]","[11031839493032.27, 11031839493033.541, 11031839493033.521, 11031839493033.525, 11031839493033.682]","[0.0, 0.0, 0.0, 0.0, 0.0]","[11031839493032.27, 11031839493033.541, 11031839493033.521, 11031839493033.525, 11031839493033.682]","[0.0, 0.0, 0.0, 0.0, 0.0]","[11031839493032.27, 11031839493033.541, 11031839493033.521, 11031839493033.525, 11031839493033.682]","[0.0, 0.0, 0.0, 0.0, 0.0]",0.0,0.0,0.0
2026-06-17T22:16:48,57,0,0.0028316031368485267,"[0.0028316031368485267, 0.5, 0.5, 0.5, 0.5]","[0.0, 0.0, 0.0, 0.0, 0.0]","[5493360193604.347, 5493360193605.616, 5493360193605.597, 5493360193605.6, 5493360193605.757]","[0.0, 0.0, 0.0, 0.0, 0.0]","[5493360193604.347, 5493360193605.616, 5493360193605.597, 5493360193605.6, 5493360193605.757]","[0.0, 0.0, 0.0, 0.0, 0.0]","[5493360193604.347, 5493360193605.616, 5493360193605.597, 5493360193605.6, 5493360193605.757]","[0.0, 0.0, 0.0, 0.0, 0.0]",0.0,0.0,0.0
2026-06-17T22:16:48,58,0,0.00325532502215007,"[0.00325532502215007, 0.5, 0.5, 0.5, 0.5]","[0.0, 0.0, 0.0, 0.0, 0.0]","[2735446453508.1367, 2735446453509.4043, 2735446453509.3843, 2735446453509.3877, 2735446453509.545]","[0.0, 0.0, 0.0, 0.0, 0.0]","[2735446453508.1367, 2735446453509.4043, 2735446453509.3843, 2735446453509.3877, 2735446453509.545]","[0.0, 0.0, 0.0, 0.0, 0.0]","[2735446453508.1367, 2735446453509.4043, 2735446453509.3843, 2735446453509.3877, 2735446453509.545]","[0.0, 0.0, 0.0, 0.0, 0.0]",0.0,0.0,0.0
2026-06-17T22:16:48,59,0,0.0037424527688688014,"[0.0037424527688688014, 0.5, 0.5, 0.5, 0.5]","[0.0, 0.0, 0.0, 0.0, 0.0]","[1362129377354.9893, 1362129377356.2551, 1362129377356.2356, 1362129377356.239, 1362129377356.396]","[0.0, 0.0, 0.0, 0.0, 0.0]","[1362129377354.9893, 1362129377356.2551, 1362129377356.2356, 1362129377356.239, 1362129377356.396]","[0.0, 0.0, 0.0, 0.0, 0.0]","[1362129377354.9893, 1362129377356.2551, 1362129377356.2356, 1362129377356.239, 1362129377356.396]","[0.0, 0.0, 0.0, 0.0, 0.0]",0.0,0.0,0.0
2026-06-17T22:16:48,60,0,0.004302474447839663,"[0.004302474447839663, 0.5, 0.5, 0.5, 0.5]","[0.0, 0.0, 0.0, 0.0, 0.0]","[678279203130.9458, 678279203132.2098, 678279203132.1902, 678279203132.1936, 678279203132.3506]","[0.0, 0.0, 0.0, 0.0, 0.0]","[678279203130.9458, 678279203132.2098, 678279203132.1902, 678279203132.1936, 678279203132.3506]","[0.0, 0.0, 0.0, 0.0, 0.0]","[678279203130.9458, 678279203132.2098, 678279203132.1902, 678279203132.1936, 678279203132.3506]","[0.0, 0.0, 0.0, 0.0, 0.0]",0.0,0.0,0.0
2026-06-17T22:16:48,61,0,0.004946297927470826,"[0.004946297927470826, 0.5, 0.5, 0.5, 0.5]","[0.0, 0.0, 0.0, 0.0, 0.0]","[337752554981.532, 337752554982.79425, 337752554982.7746, 337752554982.7781, 337752554982.93506]","[0.0, 0.0, 0.0, 0.0, 0.0]","[337752554981.532, 337752554982.79425, 337752554982.7746, 337752554982.7781, 337752554982.93506]","[0.0, 0.0, 0.0, 0.0, 0.0]","[337752554981.532, 337752554982.79425, 337752554982.7746, 337752554982.7781, 337752554982.93506]","[0.0, 0.0, 0.0, 0.0, 0.0]",0.0,0.0,0.0
2026-06-17T22:16:48,62,0,0.005686463332649633,"[0.005686463332649633, 0.5, 0.5, 0.5, 0.5]","[0.0, 0.0, 0.0, 0.0, 0.0]","[168185590649.6916, 168185590650.95163, 168185590650.93195, 168185590650.93542, 168185590651.0924]","[0.0, 0.0, 0.0, 0.0, 0.0]","[168185590649.6916, 168185590650.95163, 168185590650.93195, 168185590650.93542, 168185590651.0924]","[0.0, 0.0, 0.0, 0.0, 0.0]","[168185590649.6916, 168185590650.95163, 168185590650.93195, 168185590650.93542, 168185590651.0924]","[0.0, 0.0, 0.0, 0.0, 0.0]",0.0,0.0,0.0
2026-06-17T22:16:48,63,0,0.006537387296058595,"[0.006537387296058595, 0.5, 0.5, 0.5, 0.5]","[0.0, 0.0, 0.0, 0.0, 0.0]","[83748864333.41862, 83748864334.67612, 83748864334.65646, 83748864334.65993, 83748864334.8169]","[0.0, 0.0, 0.0, 0.0, 0.0]","[83748864333.41862, 83748864334.67612, 83748864334.65646, 83748864334.65993, 83748864334.8169]","[0.0, 0.0, 0.0, 0.0, 0.0]","[83748864333.41862, 83748864334.67612, 83748864334.65646, 83748864334.65993, 83748864334.8169]","[0.0, 0.0, 0.0, 0.0, 0.0]",0.0,0.0,0.0
2026-06-17T22:16:48,64,0,0.007515643759326697,"[0.007515643759326697, 0.5, 0.5, 0.5, 0.5]","[0.0, 0.0, 0.0, 0.0, 0.0]","[41703170000.75175, 41703170002.006294, 41703170001.986626, 41703170001.99009, 41703170002.147064]","[0.0, 0.0, 0.0, 0.0, 0.0]","[41703170000.75175, 41703170002.006294, 41703170001.986626, 41703170001.99009, 41703170002.147064]","[0.0, 0.0, 0.0, 0.0, 0.0]","[41703170000.75175, 41703170002.006294, 41703170001.986626, 41703170001.99009, 41703170002.147064]","[0.0, 0.0, 0.0, 0.0, 0.0]",0.0,0.0,0.0
2026-06-17T22:16:48,65,0,0.008640286793343459,"[0.008640286793343459, 0.5, 0.5, 0.5, 0.5]","[0.0, 0.0, 0.0, 0.0, 0.0]","[20766304147.102814, 20766304148.353985, 20766304148.334324, 20766304148.337788, 20766304148.494762]","[0.0, 0.0, 0.0, 0.0, 0.0]","[20766304147.102814, 20766304148.353985, 20766304148.334324, 20766304148.337788, 20766304148.494762]","[0.0, 0.0, 0.0, 0.0, 0.0]","[20766304147.102814, 20766304148.353985, 20766304148.334324, 20766304148.337788, 20766304148.494762]","[0.0, 0.0, 0.0, 0.0, 0.0]",0.0,0.0,0.0
2026-06-17T22:16:48,66,0,0.009933221725495073,"[0.009933221725495073, 0.5, 0.5, 0.5, 0.5]","[0.0, 0.0, 0.0, 0.0, 0.0]","[10340686048.279976, 10340686049.527271, 10340686049.507607, 10340686049.511072, 10340686049.668045]","[0.0, 0.0, 0.0, 0.0, 0.0]","[10340686048.279976, 10340686049.527271, 10340686049.507607, 10340686049.511072, 10340686049.668045]","[0.0, 0.0, 0.0, 0.0, 0.0]","[10340686048.279976, 10340686049.527271, 10340686049.507607, 10340686049.511072, 10340686049.668045]","[0.0, 0.0, 0.0, 0.0, 0.0]",0.0,0.0,0.0
2026-06-17T22:16:48,67,0,0.011419631802483968,"[0.011419631802483968, 0.5, 0.5, 0.5, 0.5]","[0.0, 0.0, 0.0, 0.0, 0.0]","[5149196857.9222975, 5149196859.1651325, 5149196859.14547, 5149196859.148934, 5149196859.305907]","[0.0, 0.0, 0.0, 0.0, 0.0]","[5149196857.9222975, 5149196859.1651325, 5149196859.14547, 5149196859.148934, 5149196859.305907]","[0.0, 0.0, 0.0, 0.0, 0.0]","[5149196857.9222975, 5149196859.1651325, 5149196859.14547, 5149196859.148934, 5149196859.305907]","[0.0, 0.0, 0.0, 0.0, 0.0]",0.0,0.0,0.0
2026-06-17T22:16:48,68,0,0.013128468699092058,"[0.013128468699092058, 0.5, 0.5, 0.5, 0.5]","[0.0, 0.0, 0.0, 0.0, 0.0]","[2564068593.5494537, 2564068594.7871623, 2564068594.7674994, 2564068594.7709637, 2564068594.927937]","[0.0, 0.0, 0.0, 0.0, 0.0]","[2564068593.5494537, 2564068594.7871623, 2564068594.7674994, 2564068594.7709637, 2564068594.927937]","[0.0, 0.0, 0.0, 0.0, 0.0]","[2564068593.5494537, 2564068594.7871623, 2564068594.7674994, 2564068594.7709637, 2564068594.927937]","[0.0, 0.0, 0.0, 0.0, 0.0]",0.0,0.0,0.0
2026-06-17T22:16:48,69,0,0.015093016426812413,"[0.015093016426812413, 0.5, 0.5, 0.5, 0.5]","[0.0, 0.0, 0.0, 0.0, 0.0]","[1276790916.3084278, 1276790917.5402424, 1276790917.5205793, 1276790917.5240436, 1276790917.6810172]","[0.0, 0.0, 0.0, 0.0, 0.0]","[1276790916.3084278, 1276790917.5402424, 1276790917.5205793, 1276790917.5240436, 1276790917.6810172]","[0.0, 0.0, 0.0, 0.0, 0.0]","[1276790916.3084278, 1276790917.5402424, 1276790917.5205793, 1276790917.5240436, 1276790917.6810172]","[0.0, 0.0, 0.0, 0.0, 0.0]",0.0,0.0,0.0
2026-06-17T22:16:48,70,0,0.01735153962592632,"[0.01735153962592632, 0.5, 0.5, 0.5, 0.5]","[0.0, 0.0, 0.0, 0.0, 0.0]","[635784494.1076487, 635784495.3326874, 635784495.3130243, 635784495.3164886, 635784495.473462]","[0.0, 0.0, 0.0, 0.0, 0.0]","[635784494.1076487, 635784495.3326874, 635784495.3130243, 635784495.3164886, 635784495.473462]","[0.0, 0.0, 0.0, 0.0, 0.0]","[635784494.1076487, 635784495.3326874, 635784495.3130243, 635784495.3164886, 635784495.473462]","[0.0, 0.0, 0.0, 0.0, 0.0]",0.0,0.0,0.0
2026-06-17T22:16:48,71,0,0.01994802886818813,"[0.01994802886818813, 0.5, 0.5, 0.5, 0.5]","[0.0, 0.0, 0.0, 0.0, 0.0]","[316592107.6068456, 316592108.82409436, 316592108.8044312, 316592108.8078956, 316592108.964869]","[0.0, 0.0, 0.0, 0.0, 0.0]","[316592107.6068456, 316592108.82409436, 316592108.8044312, 316592108.8078956, 316592108.964869]","[0.0, 0.0, 0.0, 0.0, 0.0]","[316592107.6068456, 316592108.82409436, 316592108.8044312, 316592108.8078956, 316592108.964869]","[0.0, 0.0, 0.0, 0.0, 0.0]",0.0,0.0,0.0
2026-06-17T22:16:48,72,0,0.022933057486812118,"[0.022933057486812118, 0.5, 0.5, 0.5, 0.5]","[0.0, 0.0, 0.0, 0.0, 0.0]","[157648645.69382837, 157648646.9021213, 157648646.88245815, 157648646.88592252, 157648647.04289594]","[0.0, 0.0, 0.0, 0.0, 0.0]","[157648645.69382837, 157648646.9021213, 157648646.88245815, 157648646.88592252, 157648647.04289594]","[0.0, 0.0, 0.0, 0.0, 0.0]","[157648645.69382837, 157648646.9021213, 157648646.88245815, 157648646.88592252, 157648647.04289594]","[0.0, 0.0, 0.0, 0.0, 0.0]",0.0,0.0,0.0
2026-06-17T22:16:48,73,0,0.026364766622738445,"[0.026364766622738445, 0.5, 0.5, 0.5, 0.5]","[0.0, 0.0, 0.0, 0.0, 0.0]","[78501945.2628788, 78501946.46087557, 78501946.44121243, 78501946.44467682, 78501946.60165024]","[0.0, 0.0, 0.0, 0.0, 0.0]","[78501945.2628788, 78501946.46087557, 78501946.44121243, 78501946.44467682, 78501946.60165024]","[0.0, 0.0, 0.0, 0.0, 0.0]","[78501945.2628788, 78501946.46087557, 78501946.44121243, 78501946.44467682, 78501946.60165024]","[0.0, 0.0, 0.0, 0.0, 0.0]",0.0,0.0,0.0
2026-06-17T22:16:48,74,0,0.03030999767349762,"[0.03030999767349762, 0.5, 0.5, 0.5, 0.5]","[0.0, 0.0, 0.0, 0.0, 0.0]","[39090445.34387008, 39090446.530029565, 39090446.51036643, 39090446.5138308, 39090446.67080423]","[0.0, 0.0, 0.0, 0.0, 0.0]","[39090445.34387008, 39090446.530029565, 39090446.51036643, 39090446.5138308, 39090446.67080423]","[0.0, 0.0, 0.0, 0.0, 0.0]","[39090445.34387008, 39090446.530029565, 39090446.51036643, 39090446.5138308, 39090446.67080423]","[0.0, 0.0, 0.0, 0.0, 0.0]",0.0,0.0,0.0
2026-06-17T22:16:48,75,0,0.03484559420204,"[0.03484559420204, 0.5, 0.5, 0.5, 0.5]","[0.0, 0.0, 0.0, 0.0, 0.0]","[19465289.301092643, 19465290.473642927, 19465290.45397979, 19465290.45744416, 19465290.614417598]","[0.0, 0.0, 0.0, 0.0, 0.0]","[19465289.301092643, 19465290.473642927, 19465290.45397979, 19465290.45744416, 19465290.614417598]","[0.0, 0.0, 0.0, 0.0, 0.0]","[19465289.301092643, 19465290.473642927, 19465290.45397979, 19465290.45744416, 19465290.614417598]","[0.0, 0.0, 0.0, 0.0, 0.0]",0.0,0.0,0.0
2026-06-17T22:16:48,76,0,0.04005989866356622,"[0.04005989866356622, 0.5, 0.5, 0.5, 0.5]","[0.0, 0.0, 0.0, 0.0, 0.0]","[9692843.206264578, 9692844.363168292, 9692844.343505155, 9692844.346969526, 9692844.50394297]","[0.0, 0.0, 0.0, 0.0, 0.0]","[9692843.206264578, 9692844.363168292, 9692844.343505155, 9692844.346969526, 9692844.50394297]","[0.0, 0.0, 0.0, 0.0, 0.0]","[9692843.206264578, 9692844.363168292, 9692844.343505155, 9692844.346969526, 9692844.50394297]","[0.0, 0.0, 0.0, 0.0, 0.0]",0.0,0.0,0.0
2026-06-17T22:16:48,77,0,0.046054473102979665,"[0.046054473102979665, 0.5, 0.5, 0.5, 0.5]","[0.0, 0.0, 0.0, 0.0, 0.0]","[4826603.863259635, 4826605.002174073, 4826604.982510933, 4826604.985975306, 4826605.142948764]","[0.0, 0.0, 0.0, 0.0, 0.0]","[4826603.863259635, 4826605.002174073, 4826604.982510933, 4826604.985975306, 4826605.142948764]","[0.0, 0.0, 0.0, 0.0, 0.0]","[4826603.863259635, 4826605.002174073, 4826604.982510933, 4826604.985975306, 4826605.142948764]","[0.0, 0.0, 0.0, 0.0, 0.0]",0.0,0.0,0.0
2026-06-17T22:16:48,78,0,0.05294607733798645,"[0.05294607733798645, 0.5, 0.5, 0.5, 0.5]","[0.0, 0.0, 0.0, 0.0, 0.0]","[2403435.0136738126, 2403436.1319050053, 2403436.112241862, 2403436.115706235, 2403436.2726797275]","[0.0, 0.0, 0.0, 0.0, 0.0]","[2403435.0136738126, 2403436.1319050053, 2403436.112241862, 2403436.115706235, 2403436.2726797275]","[0.0, 0.0, 0.0, 0.0, 0.0]","[2403435.0136738126, 2403436.1319050053, 2403436.112241862, 2403436.115706235, 2403436.2726797275]","[0.0, 0.0, 0.0, 0.0, 0.0]",0.0,0.0,0.0
2026-06-17T22:16:48,79,0,0.060868943158068047,"[0.060868943158068047, 0.5, 0.5, 0.5, 0.5]","[0.0, 0.0, 0.0, 0.0, 0.0]","[1196805.5095717025, 1196806.6040214943, 1196806.5843583425, 1196806.5878227171, 1196806.7447962752]","[0.0, 0.0, 0.0, 0.0, 0.0]","[1196805.5095717025, 1196806.6040214943, 1196806.5843583425, 1196806.5878227171, 1196806.7447962752]","[0.0, 0.0, 0.0, 0.0, 0.0]","[1196805.5095717025, 1196806.6040214943, 1196806.5843583425, 1196806.5878227171, 1196806.7447962752]","[0.0, 0.0, 0.0, 0.0, 0.0]",0.0,0.0,0.0
2026-06-17T22:16:48,80,0,0.06997738883522395,"[0.06997738883522395, 0.5, 0.5, 0.5, 0.5]","[0.0, 0.0, 0.0, 0.0, 0.0]","[595957.964495814, 595959.031600828, 595959.0119376597, 595959.0154020374, 595959.1723757274]","[0.0, 0.0, 0.0, 0.0, 0.0]","[595957.964495814, 595959.031600828, 595959.0119376597, 595959.0154020374, 595959.1723757274]","[0.0, 0.0, 0.0, 0.0, 0.0]","[595957.964495814, 595959.031600828, 595959.0119376597, 595959.0154020374, 595959.1723757274]","[0.0, 0.0, 0.0, 0.0, 0.0]",0.0,0.0,0.0
2026-06-17T22:16:48,81,0,0.08044882487083338,"[0.08044882487083338, 0.5, 0.5, 0.5, 0.5]","[0.0, 0.0, 0.0, 0.0, 0.0]","[296762.64750551386, 296763.683166701, 296763.6635034993, 296763.6669678829, 296763.8239418386]","[0.0, 0.0, 0.0, 0.0, 0.0]","[296762.64750551386, 296763.683166701, 296763.6635034993, 296763.6669678829, 296763.8239418386]","[0.0, 0.0, 0.0, 0.0, 0.0]","[296762.64750551386, 296763.683166701, 296763.6635034993, 296763.6669678829, 296763.8239418386]","[0.0, 0.0, 0.0, 0.0, 0.0]",0.0,0.0,0.0
2026-06-17T22:16:48,82,0,0.09248720952331754,"[0.09248720952331754, 0.5, 0.5, 0.5, 0.5]","[0.0, 0.0, 0.0, 0.0, 0.0]","[147776.6182154137, 147777.61771662047, 147777.59805335198, 147777.60151774733, 147777.75849223635]","[0.0, 0.0, 0.0, 0.0, 0.0]","[147776.6182154137, 147777.61771662047, 147777.59805335198, 147777.60151774733, 147777.75849223635]","[0.0, 0.0, 0.0, 0.0, 0.0]","[147776.6182154137, 147777.61771662047, 147777.59805335198, 147777.60151774733, 147777.75849223635]","[0.0, 0.0, 0.0, 0.0, 0.0]",0.0,0.0,0.0
2026-06-17T22:16:48,83,0,0.10632702142192801,"[0.10632702142192801, 0.5, 0.5, 0.5, 0.5]","[0.0, 0.0, 0.0, 0.0, 0.0]","[73588.09549430902, 73589.053407983, 73589.03374458037, 73589.03720899935, 73589.1941845593]","[0.0, 0.0, 0.0, 0.0, 0.0]","[73588.09549430902, 73589.053407983, 73589.03374458037, 73589.03720899935, 73589.1941845593]","[0.0, 0.0, 0.0, 0.0, 0.0]","[73588.09549430902, 73589.053407983, 73589.03374458037, 73589.03720899935, 73589.1941845593]","[0.0, 0.0, 0.0, 0.0, 0.0]",0.0,0.0,0.0
2026-06-17T22:16:48,84,0,0.12223782664357344,"[0.12223782664357344, 0.5, 0.5, 0.5, 0.5]","[0.0, 0.0, 0.0, 0.0, 0.0]","[36645.39862258187, 36646.30870031392, 36646.28903664191, 36646.29250110835, 36646.44947881889]","[0.0, 0.0, 0.0, 0.0, 0.0]","[36645.39862258187, 36646.30870031392, 36646.28903664191, 36646.29250110835, 36646.44947881889]","[0.0, 0.0, 0.0, 0.0, 0.0]","[36645.39862258187, 36646.30870031392, 36646.28903664191, 36646.29250110835, 36646.44947881889]","[0.0, 0.0, 0.0, 0.0, 0.0]",0.0,0.0,0.0
2026-06-17T22:16:48,85,0,0.14052952920829934,"[0.14052952920829934, 0.5, 0.5, 0.5, 0.5]","[0.0, 0.0, 0.0, 0.0, 0.0]","[18249.47569424494, 18250.33073925574, 18250.31107504276, 18250.31453960451, 18250.4715216336]","[0.0, 0.0, 0.0, 0.0, 0.0]","[18249.47569424494, 18250.33073925574, 18250.31107504276, 18250.31453960451, 18250.4715216336]","[0.0, 0.0, 0.0, 0.0, 0.0]","[18249.47569424494, 18250.33073925574, 18250.31107504276, 18250.31453960451, 18250.4715216336]","[0.0, 0.0, 0.0, 0.0, 0.0]",0.0,0.0,0.0
2026-06-17T22:16:48,86,0,0.16155840726038087,"[0.16155840726038087, 0.5, 0.5, 0.5, 0.5]","[0.0, 0.0, 0.0, 0.0, 0.0]","[9089.037095553735, 9089.828813363005, 9089.80914806379, 9089.812612816922, 9089.96960351762]","[0.0, 0.0, 0.0, 0.0, 0.0]","[9089.037095553735, 9089.828813363005, 9089.80914806379, 9089.812612816922, 9089.96960351762]","[0.0, 0.0, 0.0, 0.0, 0.0]","[9089.037095553735, 9089.828813363005, 9089.80914806379, 9089.812612816922, 9089.96960351762]","[0.0, 0.0, 0.0, 0.0, 0.0]",0.0,0.0,0.0
2026-06-17T22:16:48,87,0,0.18573405250524103,"[0.18573405250524103, 0.5, 0.5, 0.5, 0.5]","[0.0, 0.0, 0.0, 0.0, 0.0]","[4527.477404354419, 4528.1962264658405, 4528.1765589856595, 4528.180024123046, 4528.337032234938]","[0.0, 0.0, 0.0, 0.0, 0.0]","[4527.477404354419, 4528.1962264658405, 4528.1765589856595, 4528.180024123046, 4528.337032234938]","[0.0, 0.0, 0.0, 0.0, 0.0]","[4527.477404354419, 4528.1962264658405, 4528.1765589856595, 4528.180024123046, 4528.337032234938]","[0.0, 0.0, 0.0, 0.0, 0.0]",0.0,0.0,0.0
2026-06-17T22:16:48,88,0,0.21352734806565163,"[0.21352734806565163, 0.5, 0.5, 0.5, 0.5]","[0.0, 0.0, 0.0, 0.0, 0.0]","[2255.9743749606855, 2256.609247922339, 2256.589576063736, 2256.5930419725373, 2256.7500850389292]","[0.0, 0.0, 0.0, 0.0, 0.0]","[2255.9743749606855, 2256.609247922339, 2256.589576063736, 2256.5930419725373, 2256.7500850389292]","[0.0, 0.0, 0.0, 0.0, 0.0]","[2255.9743749606855, 2256.609247922339, 2256.589576063736, 2256.5930419725373, 2256.7500850389292]","[0.0, 0.0, 0.0, 0.0, 0.0]",0.0,0.0,0.0
2026-06-17T22:16:48,89,0,0.24547964014656576,"[0.24547964014656576, 0.5, 0.5, 0.5, 0.5]","[0.0, 0.0, 0.0, 0.0, 0.0]","[1124.8378271528177, 1125.3759546073725, 1125.3562739607382, 1125.3597414178582, 1125.516854644185]","[0.0, 0.0, 0.0, 0.0, 0.0]","[1124.8378271528177, 1125.3759546073725, 1125.3562739607382, 1125.3597414178582, 1125.516854644185]","[0.0, 0.0, 0.0, 0.0, 0.0]","[1124.8378271528177, 1125.3759546073725, 1125.3562739607382, 1125.3597414178582, 1125.516854644185]","[0.0, 0.0, 0.0, 0.0, 0.0]",0.0,0.0,0.0
2026-06-17T22:16:48,90,0,0.28221328215044234,"[0.28221328215044234, 0.5, 0.5, 0.5, 0.5]","[0.0, 0.0, 0.0, 0.0, 0.0]","[561.5741643252317, 562.0006798963223, 561.9809816172864, 561.9844521809493, 562.1417061848355]","[0.0, 0.0, 0.0, 0.0, 0.0]","[561.5741643252317, 562.0006798963223, 561.9809816172864, 561.9844521809493, 562.1417061848355]","[0.0, 0.0, 0.0, 0.0, 0.0]","[561.5741643252317, 562.0006798963223, 561.9809816172864, 561.9844521809493, 562.1417061848355]","[0.0, 0.0, 0.0, 0.0, 0.0]",0.0,0.0,0.0
2026-06-17T22:16:48,91,0,0.3244437566169348,"[0.3244437566169348, 0.5, 0.5, 0.5, 0.5]","[0.0, 0.0, 0.0, 0.0, 0.0]","[281.109171282903, 281.40669899991406, 281.3869653631153, 281.39044215615786, 281.547978489058]","[0.0, 0.0, 0.0, 0.0, 0.0]","[281.109171282903, 281.40669899991406, 281.3869653631153, 281.39044215615786, 281.547978489058]","[0.0, 0.0, 0.0, 0.0, 0.0]","[281.109171282903, 281.40669899991406, 281.3869653631153, 281.39044215615786, 281.547978489058]","[0.0, 0.0, 0.0, 0.0, 0.0]",0.0,0.0,0.0
2026-06-17T22:16:48,92,0,0.3729936110930273,"[0.3729936110930273, 0.5, 0.5, 0.5, 0.5]","[0.0, 0.0, 0.0, 0.0, 0.0]","[141.4930308057563, 141.64104252119347, 141.62123804539294, 141.62472731861212, 141.7828294222949]","[0.0, 0.0, 0.0, 0.0, 0.0]","[141.4930308057563, 141.64104252119347, 141.62123804539294, 141.62472731861212, 141.7828294222949]","[0.0, 0.0, 0.0, 0.0, 0.0]","[141.4930308057563, 141.64104252119347, 141.62123804539294, 141.62472731861212, 141.7828294222949]","[0.0, 0.0, 0.0, 0.0, 0.0]",0.0,0.0,0.0
2026-06-17T22:16:48,93,0,0.42880847937067296,"[0.42880847937067296, 0.5, 0.5, 0.5, 0.5]","[0.0, 0.0, 0.0, 0.0, 0.0]","[72.04997850134116, 72.02375041551896, 72.00380420502009, 72.00731844724194, 72.1665530493958]","[0.0, 0.0, 0.0, 0.0, 0.0]","[72.04997850134116, 72.02375041551896, 72.00380420502009, 72.00731844724194, 72.1665530493958]","[0.0, 0.0, 0.0, 0.0, 0.0]","[72.04997850134116, 72.02375041551896, 72.00380420502009, 72.00731844724194, 72.1665530493958]","[0.0, 0.0, 0.0, 0.0, 0.0]",0.0,0.0,0.0
2026-06-17T22:16:48,94,0,0.49297550014691444,"[0.49297550014691444, 0.5, 0.5, 0.5, 0.5]","[0.0, 0.0, 0.0, 0.0, 0.0]","[37.60411373904431, 37.37283922810741, 37.352609985296226, 37.356174083256285, 37.51767217321873]","[0.0, 0.0, 0.0, 0.0, 0.0]","[37.60411373904431, 37.37283922810741, 37.352609985296226, 37.356174083256285, 37.51767217321873]","[0.0, 0.0, 0.0, 0.0, 0.0]","[37.60411373904431, 37.37283922810741, 37.352609985296226, 37.356174083256285, 37.51767217321873]","[0.0, 0.0, 0.0, 0.0, 0.0]",0.0,0.0,0.0
2026-06-17T22:16:48,95,0,0.5667444918574559,"[0.5667444918574559, 0.5, 0.5, 0.5, 0.5]","[0.0, 0.0, 0.0, 0.0, 0.0]","[20.673164544563388, 20.19622465723202, 20.17543170042245, 20.179095075412995, 20.345109019682894]","[0.0, 0.0, 0.0, 0.0, 0.0]","[20.673164544563388, 20.19622465723202, 20.17543170042245, 20.179095075412995, 20.345109019682894]","[0.0, 0.0, 0.0, 0.0, 0.0]","[20.673164544563388, 20.19622465723202, 20.17543170042245, 20.179095075412995, 20.345109019682894]","[0.0, 0.0, 0.0, 0.0, 0.0]",0.0,0.0,0.0
2026-06-17T22:16:48,96,0,0.6515522961182523,"[0.6515522961182523, 0.5, 0.5, 0.5, 0.5]","[0.0, 0.0, 0.0, 0.0, 0.0]","[12.615655393292379, 11.83479700253721, 11.812884796081482, 11.816745207636588, 11.991754428131127]","[0.0, 0.0, 0.0, 0.0, 0.0]","[12.615655393292379, 11.83479700253721, 11.812884796081482, 11.816745207636588, 11.991754428131127]","[0.0, 0.0, 0.0, 0.0, 0.0]","[12.615655393292379, 11.83479700253721, 11.812884796081482, 11.816745207636588, 11.991754428131127]","[0.0, 0.0, 0.0, 0.0, 0.0]",0.0,0.0,0.0
2026-06-17T22:16:48,97,0,0.7490507639265058,"[0.7490507639265058, 0.5, 0.5, 0.5, 0.5]","[0.0, 0.0, 0.0, 0.0, 0.0]","[9.245317420545913, 8.067591069432364, 8.043462559747312, 8.047712850344142, 8.240642426918606]","[0.0, 0.0, 0.0, 0.0, 0.0]","[9.245317420545913, 8.067591069432364, 8.043462559747312, 8.047712850344142, 8.240642426918606]","[0.0, 0.0, 0.0, 0.0, 0.0]","[9.245317420545913, 8.067591069432364, 8.043462559747312, 8.047712850344142, 8.240642426918606]","[0.0, 0.0, 0.0, 0.0, 0.0]",0.0,0.0,0.0
2026-06-17T22:16:48,98,0,0.861138929724607,"[0.861138929724607, 0.5, 0.5, 0.5, 0.5]","[0.0, 0.0, 0.0, 0.0, 0.0]","[8.682040119606054, 6.939762348816597, 6.9112421602978555, 6.916263939853032, 7.145109176385155]","[0.0, 0.0, 0.0, 0.0, 0.0]","[8.682040119606054, 6.939762348816597, 6.9112421602978555, 6.916263939853032, 7.145109176385155]","[0.0, 0.0, 0.0, 0.0, 0.0]","[8.682040119606054, 6.939762348816597, 6.9112421602978555, 6.916263939853032, 7.145109176385155]","[0.0, 0.0, 0.0, 0.0, 0.0]",0.0,0.0,0.0
2026-06-17T22:16:48,99,0,0.99,"[0.99, 0.5, 0.5, 0.5, 0.5]","[0.0, 0.0, 0.0, 0.0, 0.0]","[10.424559607890957, 7.700924781904872, 7.663640174339207, 7.670197457953021, 7.972315855721824]","[0.0, 0.0, 0.0, 0.0, 0.0]","[10.424559607890957, 7.700924781904872, 7.663640174339207, 7.670197457953021, 7.972315855721824]","[0.0, 0.0, 0.0, 0.0, 0.0]","[10.424559607890957, 7.700924781904872, 7.663640174339207, 7.670197457953021, 7.972315855721824]","[0.0, 0.0, 0.0, 0.0, 0.0]",0.0,0.0,0.0
