batch_id,test_id,varied_index,varied_value,input,original_output,manual_output,herbie_output,manual_vs_original,herbie_vs_original,manual_vs_herbie
2026-06-17T21:52:02,800,0,4.512637028200102e-62,"[4.512637028200102e-62, 1.0, 1.0, 1.0, 1.0]","[5.343772820441341e+306, 5.343772820441341e+306, 5.343772820441341e+306, 5.343772820441341e+306, 5.343772820441341e+306]","[5.343772820441341e+306, 5.343772820441341e+306, 5.343772820441341e+306, 5.343772820441341e+306, 5.343772820441341e+306]","[5.343772820441341e+306, 5.343772820441341e+306, 5.343772820441341e+306, 5.343772820441341e+306, 5.343772820441341e+306]",0.0,0.0,0.0
2026-06-17T21:52:02,801,0,9.17697601460886e-62,"[9.17697601460886e-62, 1.0, 1.0, 1.0, 1.0]","[1.5363919285783697e+305, 1.5363919285783697e+305, 1.5363919285783697e+305, 1.5363919285783697e+305, 1.5363919285783697e+305]","[1.5363919285783697e+305, 1.5363919285783697e+305, 1.5363919285783697e+305, 1.5363919285783697e+305, 1.5363919285783697e+305]","[1.5363919285783697e+305, 1.5363919285783697e+305, 1.5363919285783697e+305, 1.5363919285783697e+305, 1.5363919285783697e+305]",0.0,0.0,0.0
2026-06-17T21:52:02,802,0,1.8662455731852965e-61,"[1.8662455731852965e-61, 1.0, 1.0, 1.0, 1.0]","[4.417291373561801e+303, 4.417291373561801e+303, 4.417291373561801e+303, 4.417291373561801e+303, 4.417291373561801e+303]","[4.417291373561801e+303, 4.417291373561801e+303, 4.417291373561801e+303, 4.417291373561801e+303, 4.417291373561801e+303]","[4.417291373561801e+303, 4.417291373561801e+303, 4.417291373561801e+303, 4.417291373561801e+303, 4.417291373561801e+303]",0.0,0.0,0.0
2026-06-17T21:52:02,803,0,3.795228988164921e-61,"[3.795228988164921e-61, 1.0, 1.0, 1.0, 1.0]","[1.2700185880953483e+302, 1.2700185880953483e+302, 1.2700185880953483e+302, 1.2700185880953483e+302, 1.2700185880953483e+302]","[1.2700185880953483e+302, 1.2700185880953483e+302, 1.2700185880953483e+302, 1.2700185880953483e+302, 1.2700185880953483e+302]","[1.2700185880953483e+302, 1.2700185880953483e+302, 1.2700185880953483e+302, 1.2700185880953483e+302, 1.2700185880953483e+302]",0.0,0.0,0.0
2026-06-17T21:52:02,804,0,7.718042726833016e-61,"[7.718042726833016e-61, 1.0, 1.0, 1.0, 1.0]","[3.65143948565762e+300, 3.65143948565762e+300, 3.65143948565762e+300, 3.65143948565762e+300, 3.65143948565762e+300]","[3.65143948565762e+300, 3.65143948565762e+300, 3.65143948565762e+300, 3.65143948565762e+300, 3.65143948565762e+300]","[3.65143948565762e+300, 3.65143948565762e+300, 3.65143948565762e+300, 3.65143948565762e+300, 3.65143948565762e+300]",0.0,0.0,0.0
2026-06-17T21:52:02,805,0,1.569554398930315e-60,"[1.569554398930315e-60, 1.0, 1.0, 1.0, 1.0]","[1.0498279664878025e+299, 1.0498279664878025e+299, 1.0498279664878025e+299, 1.0498279664878025e+299, 1.0498279664878025e+299]","[1.0498279664878025e+299, 1.0498279664878025e+299, 1.0498279664878025e+299, 1.0498279664878025e+299, 1.0498279664878025e+299]","[1.0498279664878025e+299, 1.0498279664878025e+299, 1.0498279664878025e+299, 1.0498279664878025e+299, 1.0498279664878025e+299]",0.0,0.0,0.0
2026-06-17T21:52:02,806,0,3.1918727304225784e-60,"[3.1918727304225784e-60, 1.0, 1.0, 1.0, 1.0]","[3.0183678616311785e+297, 3.0183678616311785e+297, 3.0183678616311785e+297, 3.0183678616311785e+297, 3.0183678616311785e+297]","[3.0183678616311785e+297, 3.0183678616311785e+297, 3.0183678616311785e+297, 3.0183678616311785e+297, 3.0183678616311785e+297]","[3.0183678616311785e+297, 3.0183678616311785e+297, 3.0183678616311785e+297, 3.0183678616311785e+297, 3.0183678616311785e+297]",0.0,0.0,0.0
2026-06-17T21:52:02,807,0,6.491047098564298e-60,"[6.491047098564298e-60, 1.0, 1.0, 1.0, 1.0]","[8.678130930924371e+295, 8.678130930924371e+295, 8.678130930924371e+295, 8.678130930924371e+295, 8.678130930924371e+295]","[8.678130930924371e+295, 8.678130930924371e+295, 8.678130930924371e+295, 8.678130930924371e+295, 8.678130930924371e+295]","[8.678130930924371e+295, 8.678130930924371e+295, 8.678130930924371e+295, 8.678130930924371e+295, 8.678130930924371e+295]",0.0,0.0,0.0
2026-06-17T21:52:02,808,0,1.3200304646921323e-59,"[1.3200304646921323e-59, 1.0, 1.0, 1.0, 1.0]","[2.495055603115911e+294, 2.495055603115911e+294, 2.495055603115911e+294, 2.495055603115911e+294, 2.495055603115911e+294]","[2.495055603115911e+294, 2.495055603115911e+294, 2.495055603115911e+294, 2.495055603115911e+294, 2.495055603115911e+294]","[2.495055603115911e+294, 2.495055603115911e+294, 2.495055603115911e+294, 2.495055603115911e+294, 2.495055603115911e+294]",0.0,0.0,0.0
2026-06-17T21:52:02,809,0,2.684436580502996e-59,"[2.684436580502996e-59, 1.0, 1.0, 1.0, 1.0]","[7.1735521302811e+292, 7.1735521302811e+292, 7.1735521302811e+292, 7.1735521302811e+292, 7.1735521302811e+292]","[7.1735521302811e+292, 7.1735521302811e+292, 7.1735521302811e+292, 7.1735521302811e+292, 7.1735521302811e+292]","[7.1735521302811e+292, 7.1735521302811e+292, 7.1735521302811e+292, 7.1735521302811e+292, 7.1735521302811e+292]",0.0,0.0,0.0
2026-06-17T21:52:02,810,0,5.459116245793088e-59,"[5.459116245793088e-59, 1.0, 1.0, 1.0, 1.0]","[2.0624730808241563e+291, 2.0624730808241563e+291, 2.0624730808241563e+291, 2.0624730808241563e+291, 2.0624730808241563e+291]","[2.0624730808241563e+291, 2.0624730808241563e+291, 2.0624730808241563e+291, 2.0624730808241563e+291, 2.0624730808241563e+291]","[2.0624730808241563e+291, 2.0624730808241563e+291, 2.0624730808241563e+291, 2.0624730808241563e+291, 2.0624730808241563e+291]",0.0,0.0,0.0
2026-06-17T21:52:02,811,0,1.1101752375724739e-58,"[1.1101752375724739e-58, 1.0, 1.0, 1.0, 1.0]","[5.929831040285409e+289, 5.929831040285409e+289, 5.929831040285409e+289, 5.929831040285409e+289, 5.929831040285409e+289]","[5.929831040285409e+289, 5.929831040285409e+289, 5.929831040285409e+289, 5.929831040285409e+289, 5.929831040285409e+289]","[5.929831040285409e+289, 5.929831040285409e+289, 5.929831040285409e+289, 5.929831040285409e+289, 5.929831040285409e+289]",0.0,0.0,0.0
2026-06-17T21:52:02,812,0,2.257671393366832e-58,"[2.257671393366832e-58, 1.0, 1.0, 1.0, 1.0]","[1.704889944661895e+288, 1.704889944661895e+288, 1.704889944661895e+288, 1.704889944661895e+288, 1.704889944661895e+288]","[1.704889944661895e+288, 1.704889944661895e+288, 1.704889944661895e+288, 1.704889944661895e+288, 1.704889944661895e+288]","[1.704889944661895e+288, 1.704889944661895e+288, 1.704889944661895e+288, 1.704889944661895e+288, 1.704889944661895e+288]",0.0,0.0,0.0
2026-06-17T21:52:02,813,0,4.591239245771868e-58,"[4.591239245771868e-58, 1.0, 1.0, 1.0, 1.0]","[4.901741219374743e+286, 4.901741219374743e+286, 4.901741219374743e+286, 4.901741219374743e+286, 4.901741219374743e+286]","[4.901741219374743e+286, 4.901741219374743e+286, 4.901741219374743e+286, 4.901741219374743e+286, 4.901741219374743e+286]","[4.901741219374743e+286, 4.901741219374743e+286, 4.901741219374743e+286, 4.901741219374743e+286, 4.901741219374743e+286]",0.0,0.0,0.0
2026-06-17T21:52:02,814,0,9.336822831634793e-58,"[9.336822831634793e-58, 1.0, 1.0, 1.0, 1.0]","[1.4093031082120868e+285, 1.4093031082120868e+285, 1.4093031082120868e+285, 1.4093031082120868e+285, 1.4093031082120868e+285]","[1.4093031082120868e+285, 1.4093031082120868e+285, 1.4093031082120868e+285, 1.4093031082120868e+285, 1.4093031082120868e+285]","[1.4093031082120868e+285, 1.4093031082120868e+285, 1.4093031082120868e+285, 1.4093031082120868e+285, 1.4093031082120868e+285]",0.0,0.0,0.0
2026-06-17T21:52:02,815,0,1.898752295899568e-57,"[1.898752295899568e-57, 1.0, 1.0, 1.0, 1.0]","[4.051897401205029e+283, 4.051897401205029e+283, 4.051897401205029e+283, 4.051897401205029e+283, 4.051897401205029e+283]","[4.051897401205029e+283, 4.051897401205029e+283, 4.051897401205029e+283, 4.051897401205029e+283, 4.051897401205029e+283]","[4.051897401205029e+283, 4.051897401205029e+283, 4.051897401205029e+283, 4.051897401205029e+283, 4.051897401205029e+283]",0.0,0.0,0.0
2026-06-17T21:52:02,816,0,3.861335216695646e-57,"[3.861335216695646e-57, 1.0, 1.0, 1.0, 1.0]","[1.1649639069283886e+282, 1.1649639069283886e+282, 1.1649639069283886e+282, 1.1649639069283886e+282, 1.1649639069283886e+282]","[1.1649639069283886e+282, 1.1649639069283886e+282, 1.1649639069283886e+282, 1.1649639069283886e+282, 1.1649639069283886e+282]","[1.1649639069283886e+282, 1.1649639069283886e+282, 1.1649639069283886e+282, 1.1649639069283886e+282, 1.1649639069283886e+282]",0.0,0.0,0.0
2026-06-17T21:52:02,817,0,7.852477486343173e-57,"[7.852477486343173e-57, 1.0, 1.0, 1.0, 1.0]","[3.3493960238044407e+280, 3.3493960238044407e+280, 3.3493960238044407e+280, 3.3493960238044407e+280, 3.3493960238044407e+280]","[3.3493960238044407e+280, 3.3493960238044407e+280, 3.3493960238044407e+280, 3.3493960238044407e+280, 3.3493960238044407e+280]","[3.3493960238044407e+280, 3.3493960238044407e+280, 3.3493960238044407e+280, 3.3493960238044407e+280, 3.3493960238044407e+280]",0.0,0.0,0.0
2026-06-17T21:52:02,818,0,1.5968932820677096e-56,"[1.5968932820677096e-56, 1.0, 1.0, 1.0, 1.0]","[9.629872357037476e+278, 9.629872357037476e+278, 9.629872357037476e+278, 9.629872357037476e+278, 9.629872357037476e+278]","[9.629872357037476e+278, 9.629872357037476e+278, 9.629872357037476e+278, 9.629872357037476e+278, 9.629872357037476e+278]","[9.629872357037476e+278, 9.629872357037476e+278, 9.629872357037476e+278, 9.629872357037476e+278, 9.629872357037476e+278]",0.0,0.0,0.0
2026-06-17T21:52:02,819,0,3.247469551804503e-56,"[3.247469551804503e-56, 1.0, 1.0, 1.0, 1.0]","[2.768691458214049e+277, 2.768691458214049e+277, 2.768691458214049e+277, 2.768691458214049e+277, 2.768691458214049e+277]","[2.768691458214049e+277, 2.768691458214049e+277, 2.768691458214049e+277, 2.768691458214049e+277, 2.768691458214049e+277]","[2.768691458214049e+277, 2.768691458214049e+277, 2.768691458214049e+277, 2.768691458214049e+277, 2.768691458214049e+277]",0.0,0.0,0.0
2026-06-17T21:52:02,820,0,6.6041097475479295e-56,"[6.6041097475479295e-56, 1.0, 1.0, 1.0, 1.0]","[7.960284525667711e+275, 7.960284525667711e+275, 7.960284525667711e+275, 7.960284525667711e+275, 7.960284525667711e+275]","[7.960284525667711e+275, 7.960284525667711e+275, 7.960284525667711e+275, 7.960284525667711e+275, 7.960284525667711e+275]","[7.960284525667711e+275, 7.960284525667711e+275, 7.960284525667711e+275, 7.960284525667711e+275, 7.960284525667711e+275]",0.0,0.0,0.0
2026-06-17T21:52:02,821,0,1.3430230787975643e-55,"[1.3430230787975643e-55, 1.0, 1.0, 1.0, 1.0]","[2.2886670720057068e+274, 2.2886670720057068e+274, 2.2886670720057068e+274, 2.2886670720057068e+274, 2.2886670720057068e+274]","[2.2886670720057068e+274, 2.2886670720057068e+274, 2.2886670720057068e+274, 2.2886670720057068e+274, 2.2886670720057068e+274]","[2.2886670720057068e+274, 2.2886670720057068e+274, 2.2886670720057068e+274, 2.2886670720057068e+274, 2.2886670720057068e+274]",0.0,0.0,0.0
2026-06-17T21:52:02,822,0,2.731194754679186e-55,"[2.731194754679186e-55, 1.0, 1.0, 1.0, 1.0]","[6.580162994920387e+272, 6.580162994920387e+272, 6.580162994920387e+272, 6.580162994920387e+272, 6.580162994920387e+272]","[6.580162994920387e+272, 6.580162994920387e+272, 6.580162994920387e+272, 6.580162994920387e+272, 6.580162994920387e+272]","[6.580162994920387e+272, 6.580162994920387e+272, 6.580162994920387e+272, 6.580162994920387e+272, 6.580162994920387e+272]",0.0,0.0,0.0
2026-06-17T21:52:02,823,0,5.5542044703102165e-55,"[5.5542044703102165e-55, 1.0, 1.0, 1.0, 1.0]","[1.891867348000545e+271, 1.891867348000545e+271, 1.891867348000545e+271, 1.891867348000545e+271, 1.891867348000545e+271]","[1.891867348000545e+271, 1.891867348000545e+271, 1.891867348000545e+271, 1.891867348000545e+271, 1.891867348000545e+271]","[1.891867348000545e+271, 1.891867348000545e+271, 1.891867348000545e+271, 1.891867348000545e+271, 1.891867348000545e+271]",0.0,0.0,0.0
2026-06-17T21:52:02,824,0,1.1295125419072181e-54,"[1.1295125419072181e-54, 1.0, 1.0, 1.0, 1.0]","[5.439321283065291e+269, 5.439321283065291e+269, 5.439321283065291e+269, 5.439321283065291e+269, 5.439321283065291e+269]","[5.439321283065291e+269, 5.439321283065291e+269, 5.439321283065291e+269, 5.439321283065291e+269, 5.439321283065291e+269]","[5.439321283065291e+269, 5.439321283065291e+269, 5.439321283065291e+269, 5.439321283065291e+269, 5.439321283065291e+269]",0.0,0.0,0.0
2026-06-17T21:52:02,825,0,2.296996066935342e-54,"[2.296996066935342e-54, 1.0, 1.0, 1.0, 1.0]","[1.5638631351015883e+268, 1.5638631351015883e+268, 1.5638631351015883e+268, 1.5638631351015883e+268, 1.5638631351015883e+268]","[1.5638631351015883e+268, 1.5638631351015883e+268, 1.5638631351015883e+268, 1.5638631351015883e+268, 1.5638631351015883e+268]","[1.5638631351015883e+268, 1.5638631351015883e+268, 1.5638631351015883e+268, 1.5638631351015883e+268, 1.5638631351015883e+268]",0.0,0.0,0.0
2026-06-17T21:52:02,826,0,4.6712105760308e-54,"[4.6712105760308e-54, 1.0, 1.0, 1.0, 1.0]","[4.4962740350419806e+266, 4.4962740350419806e+266, 4.4962740350419806e+266, 4.4962740350419806e+266, 4.4962740350419806e+266]","[4.4962740350419806e+266, 4.4962740350419806e+266, 4.4962740350419806e+266, 4.4962740350419806e+266, 4.4962740350419806e+266]","[4.4962740350419806e+266, 4.4962740350419806e+266, 4.4962740350419806e+266, 4.4962740350419806e+266, 4.4962740350419806e+266]",0.0,0.0,0.0
2026-06-17T21:52:02,827,0,9.499453899690052e-54,"[9.499453899690052e-54, 1.0, 1.0, 1.0, 1.0]","[1.2927269493363352e+265, 1.2927269493363352e+265, 1.2927269493363352e+265, 1.2927269493363352e+265, 1.2927269493363352e+265]","[1.2927269493363352e+265, 1.2927269493363352e+265, 1.2927269493363352e+265, 1.2927269493363352e+265, 1.2927269493363352e+265]","[1.2927269493363352e+265, 1.2927269493363352e+265, 1.2927269493363352e+265, 1.2927269493363352e+265, 1.2927269493363352e+265]",0.0,0.0,0.0
2026-06-17T21:52:02,828,0,1.9318252286758607e-53,"[1.9318252286758607e-53, 1.0, 1.0, 1.0, 1.0]","[3.7167284567536144e+263, 3.7167284567536144e+263, 3.7167284567536144e+263, 3.7167284567536144e+263, 3.7167284567536144e+263]","[3.7167284567536144e+263, 3.7167284567536144e+263, 3.7167284567536144e+263, 3.7167284567536144e+263, 3.7167284567536144e+263]","[3.7167284567536144e+263, 3.7167284567536144e+263, 3.7167284567536144e+263, 3.7167284567536144e+263, 3.7167284567536144e+263]",0.0,0.0,0.0
2026-06-17T21:52:02,829,0,3.928592899714211e-53,"[3.928592899714211e-53, 1.0, 1.0, 1.0, 1.0]","[1.0685992450559752e+262, 1.0685992450559752e+262, 1.0685992450559752e+262, 1.0685992450559752e+262, 1.0685992450559752e+262]","[1.0685992450559752e+262, 1.0685992450559752e+262, 1.0685992450559752e+262, 1.0685992450559752e+262, 1.0685992450559752e+262]","[1.0685992450559752e+262, 1.0685992450559752e+262, 1.0685992450559752e+262, 1.0685992450559752e+262, 1.0685992450559752e+262]",0.0,0.0,0.0
2026-06-17T21:52:02,830,0,7.989253863437765e-53,"[7.989253863437765e-53, 1.0, 1.0, 1.0, 1.0]","[3.072337298301062e+260, 3.072337298301062e+260, 3.072337298301062e+260, 3.072337298301062e+260, 3.072337298301062e+260]","[3.072337298301062e+260, 3.072337298301062e+260, 3.072337298301062e+260, 3.072337298301062e+260, 3.072337298301062e+260]","[3.072337298301062e+260, 3.072337298301062e+260, 3.072337298301062e+260, 3.072337298301062e+260, 3.072337298301062e+260]",0.0,0.0,0.0
2026-06-17T21:52:02,831,0,1.624708360570968e-52,"[1.624708360570968e-52, 1.0, 1.0, 1.0, 1.0]","[8.833298842577971e+258, 8.833298842577971e+258, 8.833298842577971e+258, 8.833298842577971e+258, 8.833298842577971e+258]","[8.833298842577971e+258, 8.833298842577971e+258, 8.833298842577971e+258, 8.833298842577971e+258, 8.833298842577971e+258]","[8.833298842577971e+258, 8.833298842577971e+258, 8.833298842577971e+258, 8.833298842577971e+258, 8.833298842577971e+258]",0.0,0.0,0.0
2026-06-17T21:52:02,832,0,3.304034772245172e-52,"[3.304034772245172e-52, 1.0, 1.0, 1.0, 1.0]","[2.5396680398805944e+257, 2.5396680398805944e+257, 2.5396680398805944e+257, 2.5396680398805944e+257, 2.5396680398805944e+257]","[2.5396680398805944e+257, 2.5396680398805944e+257, 2.5396680398805944e+257, 2.5396680398805944e+257, 2.5396680398805944e+257]","[2.5396680398805944e+257, 2.5396680398805944e+257, 2.5396680398805944e+257, 2.5396680398805944e+257, 2.5396680398805944e+257]",0.0,0.0,0.0
2026-06-17T21:52:02,833,0,6.719141749457492e-52,"[6.719141749457492e-52, 1.0, 1.0, 1.0, 1.0]","[7.301817664881669e+255, 7.301817664881669e+255, 7.301817664881669e+255, 7.301817664881669e+255, 7.301817664881669e+255]","[7.301817664881669e+255, 7.301817664881669e+255, 7.301817664881669e+255, 7.301817664881669e+255, 7.301817664881669e+255]","[7.301817664881669e+255, 7.301817664881669e+255, 7.301817664881669e+255, 7.301817664881669e+255, 7.301817664881669e+255]",0.0,0.0,0.0
2026-06-17T21:52:02,834,0,1.3664161838897443e-51,"[1.3664161838897443e-51, 1.0, 1.0, 1.0, 1.0]","[2.0993507960073692e+254, 2.0993507960073692e+254, 2.0993507960073692e+254, 2.0993507960073692e+254, 2.0993507960073692e+254]","[2.0993507960073692e+254, 2.0993507960073692e+254, 2.0993507960073692e+254, 2.0993507960073692e+254, 2.0993507960073692e+254]","[2.0993507960073692e+254, 2.0993507960073692e+254, 2.0993507960073692e+254, 2.0993507960073692e+254, 2.0993507960073692e+254]",0.0,0.0,0.0
2026-06-17T21:52:02,835,0,2.778767374191149e-51,"[2.778767374191149e-51, 1.0, 1.0, 1.0, 1.0]","[6.035858421792291e+252, 6.035858421792291e+252, 6.035858421792291e+252, 6.035858421792291e+252, 6.035858421792291e+252]","[6.035858421792291e+252, 6.035858421792291e+252, 6.035858421792291e+252, 6.035858421792291e+252, 6.035858421792291e+252]","[6.035858421792291e+252, 6.035858421792291e+252, 6.035858421792291e+252, 6.035858421792291e+252, 6.035858421792291e+252]",0.0,0.0,0.0
2026-06-17T21:52:02,836,0,5.650948964823112e-51,"[5.650948964823112e-51, 1.0, 1.0, 1.0, 1.0]","[1.735373952614543e+251, 1.735373952614543e+251, 1.735373952614543e+251, 1.735373952614543e+251, 1.735373952614543e+251]","[1.735373952614543e+251, 1.735373952614543e+251, 1.735373952614543e+251, 1.735373952614543e+251, 1.735373952614543e+251]","[1.735373952614543e+251, 1.735373952614543e+251, 1.735373952614543e+251, 1.735373952614543e+251, 1.735373952614543e+251]",0.0,0.0,0.0
2026-06-17T21:52:02,837,0,1.1491866681474223e-50,"[1.1491866681474223e-50, 1.0, 1.0, 1.0, 1.0]","[4.989386007697353e+249, 4.989386007697353e+249, 4.989386007697353e+249, 4.989386007697353e+249, 4.989386007697353e+249]","[4.989386007697353e+249, 4.989386007697353e+249, 4.989386007697353e+249, 4.989386007697353e+249, 4.989386007697353e+249]","[4.989386007697353e+249, 4.989386007697353e+249, 4.989386007697353e+249, 4.989386007697353e+249, 4.989386007697353e+249]",0.0,0.0,0.0
2026-06-17T21:52:02,838,0,2.3370057073044797e-50,"[2.3370057073044797e-50, 1.0, 1.0, 1.0, 1.0]","[1.4345019237092048e+248, 1.4345019237092048e+248, 1.4345019237092048e+248, 1.4345019237092048e+248, 1.4345019237092048e+248]","[1.4345019237092048e+248, 1.4345019237092048e+248, 1.4345019237092048e+248, 1.4345019237092048e+248, 1.4345019237092048e+248]","[1.4345019237092048e+248, 1.4345019237092048e+248, 1.4345019237092048e+248, 1.4345019237092048e+248, 1.4345019237092048e+248]",0.0,0.0,0.0
2026-06-17T21:52:02,839,0,4.752574866516878e-50,"[4.752574866516878e-50, 1.0, 1.0, 1.0, 1.0]","[4.124346695065795e+246, 4.124346695065795e+246, 4.124346695065795e+246, 4.124346695065795e+246, 4.124346695065795e+246]","[4.124346695065795e+246, 4.124346695065795e+246, 4.124346695065795e+246, 4.124346695065795e+246, 4.124346695065795e+246]","[4.124346695065795e+246, 4.124346695065795e+246, 4.124346695065795e+246, 4.124346695065795e+246, 4.124346695065795e+246]",0.0,0.0,0.0
2026-06-17T21:52:02,840,0,9.664917715541026e-50,"[9.664917715541026e-50, 1.0, 1.0, 1.0, 1.0]","[1.1857938549930982e+245, 1.1857938549930982e+245, 1.1857938549930982e+245, 1.1857938549930982e+245, 1.1857938549930982e+245]","[1.1857938549930982e+245, 1.1857938549930982e+245, 1.1857938549930982e+245, 1.1857938549930982e+245, 1.1857938549930982e+245]","[1.1857938549930982e+245, 1.1857938549930982e+245, 1.1857938549930982e+245, 1.1857938549930982e+245, 1.1857938549930982e+245]",0.0,0.0,0.0
2026-06-17T21:52:02,841,0,1.965474233899658e-49,"[1.965474233899658e-49, 1.0, 1.0, 1.0, 1.0]","[3.409284355802312e+243, 3.409284355802312e+243, 3.409284355802312e+243, 3.409284355802312e+243, 3.409284355802312e+243]","[3.409284355802312e+243, 3.409284355802312e+243, 3.409284355802312e+243, 3.409284355802312e+243, 3.409284355802312e+243]","[3.409284355802312e+243, 3.409284355802312e+243, 3.409284355802312e+243, 3.409284355802312e+243, 3.409284355802312e+243]",0.0,0.0,0.0
2026-06-17T21:52:02,842,0,3.997022093536918e-49,"[3.997022093536918e-49, 1.0, 1.0, 1.0, 1.0]","[9.802057726793483e+241, 9.802057726793483e+241, 9.802057726793483e+241, 9.802057726793483e+241, 9.802057726793483e+241]","[9.802057726793483e+241, 9.802057726793483e+241, 9.802057726793483e+241, 9.802057726793483e+241, 9.802057726793483e+241]","[9.802057726793483e+241, 9.802057726793483e+241, 9.802057726793483e+241, 9.802057726793483e+241, 9.802057726793483e+241]",0.0,0.0,0.0
2026-06-17T21:52:02,843,0,8.128412644985164e-49,"[8.128412644985164e-49, 1.0, 1.0, 1.0, 1.0]","[2.818196596475254e+240, 2.818196596475254e+240, 2.818196596475254e+240, 2.818196596475254e+240, 2.818196596475254e+240]","[2.818196596475254e+240, 2.818196596475254e+240, 2.818196596475254e+240, 2.818196596475254e+240, 2.818196596475254e+240]","[2.818196596475254e+240, 2.818196596475254e+240, 2.818196596475254e+240, 2.818196596475254e+240, 2.818196596475254e+240]",0.0,0.0,0.0
2026-06-17T21:52:02,844,0,1.6530079289276106e-48,"[1.6530079289276106e-48, 1.0, 1.0, 1.0, 1.0]","[8.102617101178272e+238, 8.102617101178272e+238, 8.102617101178272e+238, 8.102617101178272e+238, 8.102617101178272e+238]","[8.102617101178272e+238, 8.102617101178272e+238, 8.102617101178272e+238, 8.102617101178272e+238, 8.102617101178272e+238]","[8.102617101178272e+238, 8.102617101178272e+238, 8.102617101178272e+238, 8.102617101178272e+238, 8.102617101178272e+238]",0.0,0.0,0.0
2026-06-17T21:52:02,845,0,3.361585259556641e-48,"[3.361585259556641e-48, 1.0, 1.0, 1.0, 1.0]","[2.3295892121370563e+237, 2.3295892121370563e+237, 2.3295892121370563e+237, 2.3295892121370563e+237, 2.3295892121370563e+237]","[2.3295892121370563e+237, 2.3295892121370563e+237, 2.3295892121370563e+237, 2.3295892121370563e+237, 2.3295892121370563e+237]","[2.3295892121370563e+237, 2.3295892121370563e+237, 2.3295892121370563e+237, 2.3295892121370563e+237, 2.3295892121370563e+237]",0.0,0.0,0.0
2026-06-17T21:52:02,846,0,6.836177406964727e-48,"[6.836177406964727e-48, 1.0, 1.0, 1.0, 1.0]","[6.697818531392985e+235, 6.697818531392985e+235, 6.697818531392985e+235, 6.697818531392985e+235, 6.697818531392985e+235]","[6.697818531392985e+235, 6.697818531392985e+235, 6.697818531392985e+235, 6.697818531392985e+235, 6.697818531392985e+235]","[6.697818531392985e+235, 6.697818531392985e+235, 6.697818531392985e+235, 6.697818531392985e+235, 6.697818531392985e+235]",0.0,0.0,0.0
2026-06-17T21:52:02,847,0,1.3902167558188862e-47,"[1.3902167558188862e-47, 1.0, 1.0, 1.0, 1.0]","[1.9256945750672402e+234, 1.9256945750672402e+234, 1.9256945750672402e+234, 1.9256945750672402e+234, 1.9256945750672402e+234]","[1.9256945750672402e+234, 1.9256945750672402e+234, 1.9256945750672402e+234, 1.9256945750672402e+234, 1.9256945750672402e+234]","[1.9256945750672402e+234, 1.9256945750672402e+234, 1.9256945750672402e+234, 1.9256945750672402e+234, 1.9256945750672402e+234]",0.0,0.0,0.0
2026-06-17T21:52:02,848,0,2.827168625247459e-47,"[2.827168625247459e-47, 1.0, 1.0, 1.0, 1.0]","[5.536578184467258e+232, 5.536578184467258e+232, 5.536578184467258e+232, 5.536578184467258e+232, 5.536578184467258e+232]","[5.536578184467258e+232, 5.536578184467258e+232, 5.536578184467258e+232, 5.536578184467258e+232, 5.536578184467258e+232]","[5.536578184467258e+232, 5.536578184467258e+232, 5.536578184467258e+232, 5.536578184467258e+232, 5.536578184467258e+232]",0.0,0.0,0.0
2026-06-17T21:52:02,849,0,5.749378578648613e-47,"[5.749378578648613e-47, 1.0, 1.0, 1.0, 1.0]","[1.591825536074481e+231, 1.591825536074481e+231, 1.591825536074481e+231, 1.591825536074481e+231, 1.591825536074481e+231]","[1.591825536074481e+231, 1.591825536074481e+231, 1.591825536074481e+231, 1.591825536074481e+231, 1.591825536074481e+231]","[1.591825536074481e+231, 1.591825536074481e+231, 1.591825536074481e+231, 1.591825536074481e+231, 1.591825536074481e+231]",0.0,0.0,0.0
2026-06-17T21:52:02,850,0,1.1692034831396303e-46,"[1.1692034831396303e-46, 1.0, 1.0, 1.0, 1.0]","[4.5766689331822727e+229, 4.5766689331822727e+229, 4.5766689331822727e+229, 4.5766689331822727e+229, 4.5766689331822727e+229]","[4.5766689331822727e+229, 4.5766689331822727e+229, 4.5766689331822727e+229, 4.5766689331822727e+229, 4.5766689331822727e+229]","[4.5766689331822727e+229, 4.5766689331822727e+229, 4.5766689331822727e+229, 4.5766689331822727e+229, 4.5766689331822727e+229]",0.0,0.0,0.0
2026-06-17T21:52:02,851,0,2.3777122453939056e-46,"[2.3777122453939056e-46, 1.0, 1.0, 1.0, 1.0]","[1.3158413437449341e+228, 1.3158413437449341e+228, 1.3158413437449341e+228, 1.3158413437449341e+228, 1.3158413437449341e+228]","[1.3158413437449341e+228, 1.3158413437449341e+228, 1.3158413437449341e+228, 1.3158413437449341e+228, 1.3158413437449341e+228]","[1.3158413437449341e+228, 1.3158413437449341e+228, 1.3158413437449341e+228, 1.3158413437449341e+228, 1.3158413437449341e+228]",0.0,0.0,0.0
2026-06-17T21:52:02,852,0,4.835356380152913e-46,"[4.835356380152913e-46, 1.0, 1.0, 1.0, 1.0]","[3.78318481670122e+226, 3.78318481670122e+226, 3.78318481670122e+226, 3.78318481670122e+226, 3.78318481670122e+226]","[3.78318481670122e+226, 3.78318481670122e+226, 3.78318481670122e+226, 3.78318481670122e+226, 3.78318481670122e+226]","[3.78318481670122e+226, 3.78318481670122e+226, 3.78318481670122e+226, 3.78318481670122e+226, 3.78318481670122e+226]",0.0,0.0,0.0
2026-06-17T21:52:02,853,0,9.833263620683302e-46,"[9.833263620683302e-46, 1.0, 1.0, 1.0, 1.0]","[1.0877061604240166e+225, 1.0877061604240166e+225, 1.0877061604240166e+225, 1.0877061604240166e+225, 1.0877061604240166e+225]","[1.0877061604240166e+225, 1.0877061604240166e+225, 1.0877061604240166e+225, 1.0877061604240166e+225, 1.0877061604240166e+225]","[1.0877061604240166e+225, 1.0877061604240166e+225, 1.0877061604240166e+225, 1.0877061604240166e+225, 1.0877061604240166e+225]",0.0,0.0,0.0
2026-06-17T21:52:02,854,0,1.9997093457421114e-45,"[1.9997093457421114e-45, 1.0, 1.0, 1.0, 1.0]","[3.127271726724358e+223, 3.127271726724358e+223, 3.127271726724358e+223, 3.127271726724358e+223, 3.127271726724358e+223]","[3.127271726724358e+223, 3.127271726724358e+223, 3.127271726724358e+223, 3.127271726724358e+223, 3.127271726724358e+223]","[3.127271726724358e+223, 3.127271726724358e+223, 3.127271726724358e+223, 3.127271726724358e+223, 3.127271726724358e+223]",0.0,0.0,0.0
2026-06-17T21:52:02,855,0,4.066643203826228e-45,"[4.066643203826228e-45, 1.0, 1.0, 1.0, 1.0]","[8.991241208891479e+221, 8.991241208891479e+221, 8.991241208891479e+221, 8.991241208891479e+221, 8.991241208891479e+221]","[8.991241208891479e+221, 8.991241208891479e+221, 8.991241208891479e+221, 8.991241208891479e+221, 8.991241208891479e+221]","[8.991241208891479e+221, 8.991241208891479e+221, 8.991241208891479e+221, 8.991241208891479e+221, 8.991241208891479e+221]",0.0,0.0,0.0
2026-06-17T21:52:02,856,0,8.26999532829033e-45,"[8.26999532829033e-45, 1.0, 1.0, 1.0, 1.0]","[2.5850781620806867e+220, 2.5850781620806867e+220, 2.5850781620806867e+220, 2.5850781620806867e+220, 2.5850781620806867e+220]","[2.5850781620806867e+220, 2.5850781620806867e+220, 2.5850781620806867e+220, 2.5850781620806867e+220, 2.5850781620806867e+220]","[2.5850781620806867e+220, 2.5850781620806867e+220, 2.5850781620806867e+220, 2.5850781620806867e+220, 2.5850781620806867e+220]",0.0,0.0,0.0
2026-06-17T21:52:02,857,0,1.6818004261007089e-44,"[1.6818004261007089e-44, 1.0, 1.0, 1.0, 1.0]","[7.432376630556218e+218, 7.432376630556218e+218, 7.432376630556218e+218, 7.432376630556218e+218, 7.432376630556218e+218]","[7.432376630556218e+218, 7.432376630556218e+218, 7.432376630556218e+218, 7.432376630556218e+218, 7.432376630556218e+218]","[7.432376630556218e+218, 7.432376630556218e+218, 7.432376630556218e+218, 7.432376630556218e+218, 7.432376630556218e+218]",0.0,0.0,0.0
2026-06-17T21:52:02,858,0,3.4201381753588124e-44,"[3.4201381753588124e-44, 1.0, 1.0, 1.0, 1.0]","[2.1368878971915036e+217, 2.1368878971915036e+217, 2.1368878971915036e+217, 2.1368878971915036e+217, 2.1368878971915036e+217]","[2.1368878971915036e+217, 2.1368878971915036e+217, 2.1368878971915036e+217, 2.1368878971915036e+217, 2.1368878971915036e+217]","[2.1368878971915036e+217, 2.1368878971915036e+217, 2.1368878971915036e+217, 2.1368878971915036e+217, 2.1368878971915036e+217]",0.0,0.0,0.0
2026-06-17T21:52:02,859,0,6.955251620233715e-44,"[6.955251620233715e-44, 1.0, 1.0, 1.0, 1.0]","[6.1437816086855076e+215, 6.1437816086855076e+215, 6.1437816086855076e+215, 6.1437816086855076e+215, 6.1437816086855076e+215]","[6.1437816086855076e+215, 6.1437816086855076e+215, 6.1437816086855076e+215, 6.1437816086855076e+215, 6.1437816086855076e+215]","[6.1437816086855076e+215, 6.1437816086855076e+215, 6.1437816086855076e+215, 6.1437816086855076e+215, 6.1437816086855076e+215]",0.0,0.0,0.0
2026-06-17T21:52:02,860,0,1.4144318919421598e-43,"[1.4144318919421598e-43, 1.0, 1.0, 1.0, 1.0]","[1.7664030249238463e+214, 1.7664030249238463e+214, 1.7664030249238463e+214, 1.7664030249238463e+214, 1.7664030249238463e+214]","[1.7664030249238463e+214, 1.7664030249238463e+214, 1.7664030249238463e+214, 1.7664030249238463e+214, 1.7664030249238463e+214]","[1.7664030249238463e+214, 1.7664030249238463e+214, 1.7664030249238463e+214, 1.7664030249238463e+214, 1.7664030249238463e+214]",0.0,0.0,0.0
2026-06-17T21:52:02,861,0,2.876412941155225e-43,"[2.876412941155225e-43, 1.0, 1.0, 1.0, 1.0]","[5.0785979144324364e+212, 5.0785979144324364e+212, 5.0785979144324364e+212, 5.0785979144324364e+212, 5.0785979144324364e+212]","[5.0785979144324364e+212, 5.0785979144324364e+212, 5.0785979144324364e+212, 5.0785979144324364e+212, 5.0785979144324364e+212]","[5.0785979144324364e+212, 5.0785979144324364e+212, 5.0785979144324364e+212, 5.0785979144324364e+212, 5.0785979144324364e+212]",0.0,0.0,0.0
2026-06-17T21:52:02,862,0,5.849522663607654e-43,"[5.849522663607654e-43, 1.0, 1.0, 1.0, 1.0]","[1.4601513025370628e+211, 1.4601513025370628e+211, 1.4601513025370628e+211, 1.4601513025370628e+211, 1.4601513025370628e+211]","[1.4601513025370628e+211, 1.4601513025370628e+211, 1.4601513025370628e+211, 1.4601513025370628e+211, 1.4601513025370628e+211]","[1.4601513025370628e+211, 1.4601513025370628e+211, 1.4601513025370628e+211, 1.4601513025370628e+211, 1.4601513025370628e+211]",0.0,0.0,0.0
2026-06-17T21:52:02,863,0,1.1895689559204231e-42,"[1.1895689559204231e-42, 1.0, 1.0, 1.0, 1.0]","[4.1980914067672845e+209, 4.1980914067672845e+209, 4.1980914067672845e+209, 4.1980914067672845e+209, 4.1980914067672845e+209]","[4.1980914067672845e+209, 4.1980914067672845e+209, 4.1980914067672845e+209, 4.1980914067672845e+209, 4.1980914067672845e+209]","[4.1980914067672845e+209, 4.1980914067672845e+209, 4.1980914067672845e+209, 4.1980914067672845e+209, 4.1980914067672845e+209]",0.0,0.0,0.0
2026-06-17T21:52:02,864,0,2.4191278199388065e-42,"[2.4191278199388065e-42, 1.0, 1.0, 1.0, 1.0]","[1.2069962495634873e+208, 1.2069962495634873e+208, 1.2069962495634873e+208, 1.2069962495634873e+208, 1.2069962495634873e+208]","[1.2069962495634873e+208, 1.2069962495634873e+208, 1.2069962495634873e+208, 1.2069962495634873e+208, 1.2069962495634873e+208]","[1.2069962495634873e+208, 1.2069962495634873e+208, 1.2069962495634873e+208, 1.2069962495634873e+208, 1.2069962495634873e+208]",0.0,0.0,0.0
2026-06-17T21:52:02,865,0,4.91957980247886e-42,"[4.91957980247886e-42, 1.0, 1.0, 1.0, 1.0]","[3.470243511400898e+206, 3.470243511400898e+206, 3.470243511400898e+206, 3.470243511400898e+206, 3.470243511400898e+206]","[3.470243511400898e+206, 3.470243511400898e+206, 3.470243511400898e+206, 3.470243511400898e+206, 3.470243511400898e+206]","[3.470243511400898e+206, 3.470243511400898e+206, 3.470243511400898e+206, 3.470243511400898e+206, 3.470243511400898e+206]",0.0,0.0,0.0
2026-06-17T21:52:02,866,0,1.0004541816054246e-41,"[1.0004541816054246e-41, 1.0, 1.0, 1.0, 1.0]","[9.97732182910699e+204, 9.97732182910699e+204, 9.97732182910699e+204, 9.97732182910699e+204, 9.97732182910699e+204]","[9.97732182910699e+204, 9.97732182910699e+204, 9.97732182910699e+204, 9.97732182910699e+204, 9.97732182910699e+204]","[9.97732182910699e+204, 9.97732182910699e+204, 9.97732182910699e+204, 9.97732182910699e+204, 9.97732182910699e+204]",0.0,0.0,0.0
2026-06-17T21:52:02,867,0,2.034540773151864e-41,"[2.034540773151864e-41, 1.0, 1.0, 1.0, 1.0]","[2.868586903326475e+203, 2.868586903326475e+203, 2.868586903326475e+203, 2.868586903326475e+203, 2.868586903326475e+203]","[2.868586903326475e+203, 2.868586903326475e+203, 2.868586903326475e+203, 2.868586903326475e+203, 2.868586903326475e+203]","[2.868586903326475e+203, 2.868586903326475e+203, 2.868586903326475e+203, 2.868586903326475e+203, 2.868586903326475e+203]",0.0,0.0,0.0
2026-06-17T21:52:02,868,0,4.137476991674967e-41,"[4.137476991674967e-41, 1.0, 1.0, 1.0, 1.0]","[8.247494631204062e+201, 8.247494631204062e+201, 8.247494631204062e+201, 8.247494631204062e+201, 8.247494631204062e+201]","[8.247494631204062e+201, 8.247494631204062e+201, 8.247494631204062e+201, 8.247494631204062e+201, 8.247494631204062e+201]","[8.247494631204062e+201, 8.247494631204062e+201, 8.247494631204062e+201, 8.247494631204062e+201, 8.247494631204062e+201]",0.0,0.0,0.0
2026-06-17T21:52:02,869,0,8.414044133467785e-41,"[8.414044133467785e-41, 1.0, 1.0, 1.0, 1.0]","[2.37124305395338e+200, 2.37124305395338e+200, 2.37124305395338e+200, 2.37124305395338e+200, 2.37124305395338e+200]","[2.37124305395338e+200, 2.37124305395338e+200, 2.37124305395338e+200, 2.37124305395338e+200, 2.37124305395338e+200]","[2.37124305395338e+200, 2.37124305395338e+200, 2.37124305395338e+200, 2.37124305395338e+200, 2.37124305395338e+200]",0.0,0.0,0.0
2026-06-17T21:52:02,870,0,1.711094438045069e-40,"[1.711094438045069e-40, 1.0, 1.0, 1.0, 1.0]","[6.817577788590589e+198, 6.817577788590589e+198, 6.817577788590589e+198, 6.817577788590589e+198, 6.817577788590589e+198]","[6.817577788590589e+198, 6.817577788590589e+198, 6.817577788590589e+198, 6.817577788590589e+198, 6.817577788590589e+198]","[6.817577788590589e+198, 6.817577788590589e+198, 6.817577788590589e+198, 6.817577788590589e+198, 6.817577788590589e+198]",0.0,0.0,0.0
2026-06-17T21:52:02,871,0,3.47971098019667e-40,"[3.47971098019667e-40, 1.0, 1.0, 1.0, 1.0]","[1.9601266443773565e+197, 1.9601266443773565e+197, 1.9601266443773565e+197, 1.9601266443773565e+197, 1.9601266443773565e+197]","[1.9601266443773565e+197, 1.9601266443773565e+197, 1.9601266443773565e+197, 1.9601266443773565e+197, 1.9601266443773565e+197]","[1.9601266443773565e+197, 1.9601266443773565e+197, 1.9601266443773565e+197, 1.9601266443773565e+197, 1.9601266443773565e+197]",0.0,0.0,0.0
2026-06-17T21:52:02,872,0,7.076399897328485e-40,"[7.076399897328485e-40, 1.0, 1.0, 1.0, 1.0]","[5.635574072110447e+195, 5.635574072110447e+195, 5.635574072110447e+195, 5.635574072110447e+195, 5.635574072110447e+195]","[5.635574072110447e+195, 5.635574072110447e+195, 5.635574072110447e+195, 5.635574072110447e+195, 5.635574072110447e+195]","[5.635574072110447e+195, 5.635574072110447e+195, 5.635574072110447e+195, 5.635574072110447e+195, 5.635574072110447e+195]",0.0,0.0,0.0
2026-06-17T21:52:02,873,0,1.4390688132403564e-39,"[1.4390688132403564e-39, 1.0, 1.0, 1.0, 1.0]","[1.6202879142195514e+194, 1.6202879142195514e+194, 1.6202879142195514e+194, 1.6202879142195514e+194, 1.6202879142195514e+194]","[1.6202879142195514e+194, 1.6202879142195514e+194, 1.6202879142195514e+194, 1.6202879142195514e+194, 1.6202879142195514e+194]","[1.6202879142195514e+194, 1.6202879142195514e+194, 1.6202879142195514e+194, 1.6202879142195514e+194, 1.6202879142195514e+194]",0.0,0.0,0.0
2026-06-17T21:52:02,874,0,2.9265150066247624e-39,"[2.9265150066247624e-39, 1.0, 1.0, 1.0, 1.0]","[4.658501319250705e+192, 4.658501319250705e+192, 4.658501319250705e+192, 4.658501319250705e+192, 4.658501319250705e+192]","[4.658501319250705e+192, 4.658501319250705e+192, 4.658501319250705e+192, 4.658501319250705e+192, 4.658501319250705e+192]","[4.658501319250705e+192, 4.658501319250705e+192, 4.658501319250705e+192, 4.658501319250705e+192, 4.658501319250705e+192]",0.0,0.0,0.0
2026-06-17T21:52:02,875,0,5.951411082778856e-39,"[5.951411082778856e-39, 1.0, 1.0, 1.0, 1.0]","[1.3393690313311928e+191, 1.3393690313311928e+191, 1.3393690313311928e+191, 1.3393690313311928e+191, 1.3393690313311928e+191]","[1.3393690313311928e+191, 1.3393690313311928e+191, 1.3393690313311928e+191, 1.3393690313311928e+191, 1.3393690313311928e+191]","[1.3393690313311928e+191, 1.3393690313311928e+191, 1.3393690313311928e+191, 1.3393690313311928e+191, 1.3393690313311928e+191]",0.0,0.0,0.0
2026-06-17T21:52:02,876,0,1.2102891594966587e-38,"[1.2102891594966587e-38, 1.0, 1.0, 1.0, 1.0]","[3.850829438807032e+189, 3.850829438807032e+189, 3.850829438807032e+189, 3.850829438807032e+189, 3.850829438807032e+189]","[3.850829438807032e+189, 3.850829438807032e+189, 3.850829438807032e+189, 3.850829438807032e+189, 3.850829438807032e+189]","[3.850829438807032e+189, 3.850829438807032e+189, 3.850829438807032e+189, 3.850829438807032e+189, 3.850829438807032e+189]",0.0,0.0,0.0
2026-06-17T21:52:02,877,0,2.461264781110033e-38,"[2.461264781110033e-38, 1.0, 1.0, 1.0, 1.0]","[1.107154713891161e+188, 1.107154713891161e+188, 1.107154713891161e+188, 1.107154713891161e+188, 1.107154713891161e+188]","[1.107154713891161e+188, 1.107154713891161e+188, 1.107154713891161e+188, 1.107154713891161e+188, 1.107154713891161e+188]","[1.107154713891161e+188, 1.107154713891161e+188, 1.107154713891161e+188, 1.107154713891161e+188, 1.107154713891161e+188]",0.0,0.0,0.0
2026-06-17T21:52:02,878,0,5.005270249013778e-38,"[5.005270249013778e-38, 1.0, 1.0, 1.0, 1.0]","[3.1831884012792436e+186, 3.1831884012792436e+186, 3.1831884012792436e+186, 3.1831884012792436e+186, 3.1831884012792436e+186]","[3.1831884012792436e+186, 3.1831884012792436e+186, 3.1831884012792436e+186, 3.1831884012792436e+186, 3.1831884012792436e+186]","[3.1831884012792436e+186, 3.1831884012792436e+186, 3.1831884012792436e+186, 3.1831884012792436e+186, 3.1831884012792436e+186]",0.0,0.0,0.0
2026-06-17T21:52:02,879,0,1.0178803377003448e-37,"[1.0178803377003448e-37, 1.0, 1.0, 1.0, 1.0]","[9.152007638053363e+184, 9.152007638053363e+184, 9.152007638053363e+184, 9.152007638053363e+184, 9.152007638053363e+184]","[9.152007638053363e+184, 9.152007638053363e+184, 9.152007638053363e+184, 9.152007638053363e+184, 9.152007638053363e+184]","[9.152007638053363e+184, 9.152007638053363e+184, 9.152007638053363e+184, 9.152007638053363e+184, 9.152007638053363e+184]",0.0,0.0,0.0
2026-06-17T21:52:02,880,0,2.06997890289966e-37,"[2.06997890289966e-37, 1.0, 1.0, 1.0, 1.0]","[2.631300232600733e+183, 2.631300232600733e+183, 2.631300232600733e+183, 2.631300232600733e+183, 2.631300232600733e+183]","[2.631300232600733e+183, 2.631300232600733e+183, 2.631300232600733e+183, 2.631300232600733e+183, 2.631300232600733e+183]","[2.631300232600733e+183, 2.631300232600733e+183, 2.631300232600733e+183, 2.631300232600733e+183, 2.631300232600733e+183]",0.0,0.0,0.0
2026-06-17T21:52:02,881,0,4.209544579798163e-37,"[4.209544579798163e-37, 1.0, 1.0, 1.0, 1.0]","[7.565270034628077e+181, 7.565270034628077e+181, 7.565270034628077e+181, 7.565270034628077e+181, 7.565270034628077e+181]","[7.565270034628077e+181, 7.565270034628077e+181, 7.565270034628077e+181, 7.565270034628077e+181, 7.565270034628077e+181]","[7.565270034628077e+181, 7.565270034628077e+181, 7.565270034628077e+181, 7.565270034628077e+181, 7.565270034628077e+181]",0.0,0.0,0.0
2026-06-17T21:52:02,882,0,8.56060201603289e-37,"[8.56060201603289e-37, 1.0, 1.0, 1.0, 1.0]","[2.175096174421282e+180, 2.175096174421282e+180, 2.175096174421282e+180, 2.175096174421282e+180, 2.175096174421282e+180]","[2.175096174421282e+180, 2.175096174421282e+180, 2.175096174421282e+180, 2.175096174421282e+180, 2.175096174421282e+180]","[2.175096174421282e+180, 2.175096174421282e+180, 2.175096174421282e+180, 2.175096174421282e+180, 2.175096174421282e+180]",0.0,0.0,0.0
2026-06-17T21:52:02,883,0,1.740898700267956e-36,"[1.740898700267956e-36, 1.0, 1.0, 1.0, 1.0]","[6.253634498606074e+178, 6.253634498606074e+178, 6.253634498606074e+178, 6.253634498606074e+178, 6.253634498606074e+178]","[6.253634498606074e+178, 6.253634498606074e+178, 6.253634498606074e+178, 6.253634498606074e+178, 6.253634498606074e+178]","[6.253634498606074e+178, 6.253634498606074e+178, 6.253634498606074e+178, 6.253634498606074e+178, 6.253634498606074e+178]",0.0,0.0,0.0
2026-06-17T21:52:02,884,0,3.540321438747473e-36,"[3.540321438747473e-36, 1.0, 1.0, 1.0, 1.0]","[1.7979869075244238e+177, 1.7979869075244238e+177, 1.7979869075244238e+177, 1.7979869075244238e+177, 1.7979869075244238e+177]","[1.7979869075244238e+177, 1.7979869075244238e+177, 1.7979869075244238e+177, 1.7979869075244238e+177, 1.7979869075244238e+177]","[1.7979869075244238e+177, 1.7979869075244238e+177, 1.7979869075244238e+177, 1.7979869075244238e+177, 1.7979869075244238e+177]",0.0,0.0,0.0
2026-06-17T21:52:02,885,0,7.199658364800888e-36,"[7.199658364800888e-36, 1.0, 1.0, 1.0, 1.0]","[5.169404960186841e+175, 5.169404960186841e+175, 5.169404960186841e+175, 5.169404960186841e+175, 5.169404960186841e+175]","[5.169404960186841e+175, 5.169404960186841e+175, 5.169404960186841e+175, 5.169404960186841e+175, 5.169404960186841e+175]","[5.169404960186841e+175, 5.169404960186841e+175, 5.169404960186841e+175, 5.169404960186841e+175, 5.169404960186841e+175]",0.0,0.0,0.0
2026-06-17T21:52:02,886,0,1.4641348664709165e-35,"[1.4641348664709165e-35, 1.0, 1.0, 1.0, 1.0]","[1.4862593009200484e+174, 1.4862593009200484e+174, 1.4862593009200484e+174, 1.4862593009200484e+174, 1.4862593009200484e+174]","[1.4862593009200484e+174, 1.4862593009200484e+174, 1.4862593009200484e+174, 1.4862593009200484e+174, 1.4862593009200484e+174]","[1.4862593009200484e+174, 1.4862593009200484e+174, 1.4862593009200484e+174, 1.4862593009200484e+174, 1.4862593009200484e+174]",0.0,0.0,0.0
2026-06-17T21:52:02,887,0,2.977489762148081e-35,"[2.977489762148081e-35, 1.0, 1.0, 1.0, 1.0]","[4.2731546988172705e+172, 4.2731546988172705e+172, 4.2731546988172705e+172, 4.2731546988172705e+172, 4.2731546988172705e+172]","[4.2731546988172705e+172, 4.2731546988172705e+172, 4.2731546988172705e+172, 4.2731546988172705e+172, 4.2731546988172705e+172]","[4.2731546988172705e+172, 4.2731546988172705e+172, 4.2731546988172705e+172, 4.2731546988172705e+172, 4.2731546988172705e+172]",0.0,0.0,0.0
2026-06-17T21:52:02,888,0,6.055074219402584e-35,"[6.055074219402584e-35, 1.0, 1.0, 1.0, 1.0]","[1.228577750108752e+171, 1.228577750108752e+171, 1.228577750108752e+171, 1.228577750108752e+171, 1.228577750108752e+171]","[1.228577750108752e+171, 1.228577750108752e+171, 1.228577750108752e+171, 1.228577750108752e+171, 1.228577750108752e+171]","[1.228577750108752e+171, 1.228577750108752e+171, 1.228577750108752e+171, 1.228577750108752e+171, 1.228577750108752e+171]",0.0,0.0,0.0
2026-06-17T21:52:02,889,0,1.2313702726562384e-34,"[1.2313702726562384e-34, 1.0, 1.0, 1.0, 1.0]","[3.532292637287235e+169, 3.532292637287235e+169, 3.532292637287235e+169, 3.532292637287235e+169, 3.532292637287235e+169]","[3.532292637287235e+169, 3.532292637287235e+169, 3.532292637287235e+169, 3.532292637287235e+169, 3.532292637287235e+169]","[3.532292637287235e+169, 3.532292637287235e+169, 3.532292637287235e+169, 3.532292637287235e+169, 3.532292637287235e+169]",0.0,0.0,0.0
2026-06-17T21:52:02,890,0,2.5041356941964952e-34,"[2.5041356941964952e-34, 1.0, 1.0, 1.0, 1.0]","[1.0155719712756607e+168, 1.0155719712756607e+168, 1.0155719712756607e+168, 1.0155719712756607e+168, 1.0155719712756607e+168]","[1.0155719712756607e+168, 1.0155719712756607e+168, 1.0155719712756607e+168, 1.0155719712756607e+168, 1.0155719712756607e+168]","[1.0155719712756607e+168, 1.0155719712756607e+168, 1.0155719712756607e+168, 1.0155719712756607e+168, 1.0155719712756607e+168]",0.0,0.0,0.0
2026-06-17T21:52:02,891,0,5.092453272744669e-34,"[5.092453272744669e-34, 1.0, 1.0, 1.0, 1.0]","[2.919878205881025e+166, 2.919878205881025e+166, 2.919878205881025e+166, 2.919878205881025e+166, 2.919878205881025e+166]","[2.919878205881025e+166, 2.919878205881025e+166, 2.919878205881025e+166, 2.919878205881025e+166, 2.919878205881025e+166]","[2.919878205881025e+166, 2.919878205881025e+166, 2.919878205881025e+166, 2.919878205881025e+166, 2.919878205881025e+166]",0.0,0.0,0.0
2026-06-17T21:52:02,892,0,1.0356100268523954e-33,"[1.0356100268523954e-33, 1.0, 1.0, 1.0, 1.0]","[8.394962620392596e+164, 8.394962620392596e+164, 8.394962620392596e+164, 8.394962620392596e+164, 8.394962620392596e+164]","[8.394962620392596e+164, 8.394962620392596e+164, 8.394962620392596e+164, 8.394962620392596e+164, 8.394962620392596e+164]","[8.394962620392596e+164, 8.394962620392596e+164, 8.394962620392596e+164, 8.394962620392596e+164, 8.394962620392596e+164]",0.0,0.0,0.0
2026-06-17T21:52:02,893,0,2.1060343026754613e-33,"[2.1060343026754613e-33, 1.0, 1.0, 1.0, 1.0]","[2.4136416805277054e+163, 2.4136416805277054e+163, 2.4136416805277054e+163, 2.4136416805277054e+163, 2.4136416805277054e+163]","[2.4136416805277054e+163, 2.4136416805277054e+163, 2.4136416805277054e+163, 2.4136416805277054e+163, 2.4136416805277054e+163]","[2.4136416805277054e+163, 2.4136416805277054e+163, 2.4136416805277054e+163, 2.4136416805277054e+163, 2.4136416805277054e+163]",0.0,0.0,0.0
2026-06-17T21:52:02,894,0,4.282867458831408e-33,"[4.282867458831408e-33, 1.0, 1.0, 1.0, 1.0]","[6.939478381749639e+161, 6.939478381749639e+161, 6.939478381749639e+161, 6.939478381749639e+161, 6.939478381749639e+161]","[6.939478381749639e+161, 6.939478381749639e+161, 6.939478381749639e+161, 6.939478381749639e+161, 6.939478381749639e+161]","[6.939478381749639e+161, 6.939478381749639e+161, 6.939478381749639e+161, 6.939478381749639e+161, 6.939478381749639e+161]",0.0,0.0,0.0
2026-06-17T21:52:02,895,0,8.709712679710298e-33,"[8.709712679710298e-33, 1.0, 1.0, 1.0, 1.0]","[1.9951743707143e+160, 1.9951743707143e+160, 1.9951743707143e+160, 1.9951743707143e+160, 1.9951743707143e+160]","[1.9951743707143e+160, 1.9951743707143e+160, 1.9951743707143e+160, 1.9951743707143e+160, 1.9951743707143e+160]","[1.9951743707143e+160, 1.9951743707143e+160, 1.9951743707143e+160, 1.9951743707143e+160, 1.9951743707143e+160]",0.0,0.0,0.0
2026-06-17T21:52:02,896,0,1.7712221004337143e-32,"[1.7712221004337143e-32, 1.0, 1.0, 1.0, 1.0]","[5.7363400396554205e+158, 5.7363400396554205e+158, 5.7363400396554205e+158, 5.7363400396554205e+158, 5.7363400396554205e+158]","[5.7363400396554205e+158, 5.7363400396554205e+158, 5.7363400396554205e+158, 5.7363400396554205e+158, 5.7363400396554205e+158]","[5.7363400396554205e+158, 5.7363400396554205e+158, 5.7363400396554205e+158, 5.7363400396554205e+158, 5.7363400396554205e+158]",0.0,0.0,0.0
2026-06-17T21:52:02,897,0,3.601987625117812e-32,"[3.601987625117812e-32, 1.0, 1.0, 1.0, 1.0]","[1.6492592092977462e+157, 1.6492592092977462e+157, 1.6492592092977462e+157, 1.6492592092977462e+157, 1.6492592092977462e+157]","[1.6492592092977462e+157, 1.6492592092977462e+157, 1.6492592092977462e+157, 1.6492592092977462e+157, 1.6492592092977462e+157]","[1.6492592092977462e+157, 1.6492592092977462e+157, 1.6492592092977462e+157, 1.6492592092977462e+157, 1.6492592092977462e+157]",0.0,0.0,0.0
2026-06-17T21:52:02,898,0,7.32506377846396e-32,"[7.32506377846396e-32, 1.0, 1.0, 1.0, 1.0]","[4.74179689601668e+155, 4.74179689601668e+155, 4.74179689601668e+155, 4.74179689601668e+155, 4.74179689601668e+155]","[4.74179689601668e+155, 4.74179689601668e+155, 4.74179689601668e+155, 4.74179689601668e+155, 4.74179689601668e+155]","[4.74179689601668e+155, 4.74179689601668e+155, 4.74179689601668e+155, 4.74179689601668e+155, 4.74179689601668e+155]",0.0,0.0,0.0
2026-06-17T21:52:02,899,0,1.4896375263590679e-31,"[1.4896375263590679e-31, 1.0, 1.0, 1.0, 1.0]","[1.3633174019169103e+154, 1.3633174019169103e+154, 1.3633174019169103e+154, 1.3633174019169103e+154, 1.3633174019169103e+154]","[1.3633174019169103e+154, 1.3633174019169103e+154, 1.3633174019169103e+154, 1.3633174019169103e+154, 1.3633174019169103e+154]","[1.3633174019169103e+154, 1.3633174019169103e+154, 1.3633174019169103e+154, 1.3633174019169103e+154, 1.3633174019169103e+154]",0.0,0.0,0.0
2026-06-17T21:52:02,900,0,3.0293524084543646e-31,"[3.0293524084543646e-31, 1.0, 1.0, 1.0, 1.0]","[3.919683569599557e+152, 3.919683569599557e+152, 3.919683569599557e+152, 3.919683569599557e+152, 3.919683569599557e+152]","[3.919683569599557e+152, 3.919683569599557e+152, 3.919683569599557e+152, 3.919683569599557e+152, 3.919683569599557e+152]","[3.919683569599557e+152, 3.919683569599557e+152, 3.919683569599557e+152, 3.919683569599557e+152, 3.919683569599557e+152]",0.0,0.0,0.0
2026-06-17T21:52:02,901,0,6.160542985942613e-31,"[6.160542985942613e-31, 1.0, 1.0, 1.0, 1.0]","[1.1269510140621748e+151, 1.1269510140621748e+151, 1.1269510140621748e+151, 1.1269510140621748e+151, 1.1269510140621748e+151]","[1.1269510140621748e+151, 1.1269510140621748e+151, 1.1269510140621748e+151, 1.1269510140621748e+151, 1.1269510140621748e+151]","[1.1269510140621748e+151, 1.1269510140621748e+151, 1.1269510140621748e+151, 1.1269510140621748e+151, 1.1269510140621748e+151]",0.0,0.0,0.0
2026-06-17T21:52:02,902,0,1.2528185818107155e-30,"[1.2528185818107155e-30, 1.0, 1.0, 1.0, 1.0]","[3.2401048848581204e+149, 3.2401048848581204e+149, 3.2401048848581204e+149, 3.2401048848581204e+149, 3.2401048848581204e+149]","[3.2401048848581204e+149, 3.2401048848581204e+149, 3.2401048848581204e+149, 3.2401048848581204e+149, 3.2401048848581204e+149]","[3.2401048848581204e+149, 3.2401048848581204e+149, 3.2401048848581204e+149, 3.2401048848581204e+149, 3.2401048848581204e+149]",0.0,0.0,0.0
2026-06-17T21:52:02,903,0,2.547753343352506e-30,"[2.547753343352506e-30, 1.0, 1.0, 1.0, 1.0]","[9.315648625258049e+147, 9.315648625258049e+147, 9.315648625258049e+147, 9.315648625258049e+147, 9.315648625258049e+147]","[9.315648625258049e+147, 9.315648625258049e+147, 9.315648625258049e+147, 9.315648625258049e+147, 9.315648625258049e+147]","[9.315648625258049e+147, 9.315648625258049e+147, 9.315648625258049e+147, 9.315648625258049e+147, 9.315648625258049e+147]",0.0,0.0,0.0
2026-06-17T21:52:02,904,0,5.181154871747052e-30,"[5.181154871747052e-30, 1.0, 1.0, 1.0, 1.0]","[2.678348769350893e+146, 2.678348769350893e+146, 2.678348769350893e+146, 2.678348769350893e+146, 2.678348769350893e+146]","[2.678348769350893e+146, 2.678348769350893e+146, 2.678348769350893e+146, 2.678348769350893e+146, 2.678348769350893e+146]","[2.678348769350893e+146, 2.678348769350893e+146, 2.678348769350893e+146, 2.678348769350893e+146, 2.678348769350893e+146]",0.0,0.0,0.0
2026-06-17T21:52:02,905,0,1.0536485360747204e-29,"[1.0536485360747204e-29, 1.0, 1.0, 1.0, 1.0]","[7.700539617641965e+144, 7.700539617641965e+144, 7.700539617641965e+144, 7.700539617641965e+144, 7.700539617641965e+144]","[7.700539617641965e+144, 7.700539617641965e+144, 7.700539617641965e+144, 7.700539617641965e+144, 7.700539617641965e+144]","[7.700539617641965e+144, 7.700539617641965e+144, 7.700539617641965e+144, 7.700539617641965e+144, 7.700539617641965e+144]",0.0,0.0,0.0
2026-06-17T21:52:02,906,0,2.1427177242398596e-29,"[2.1427177242398596e-29, 1.0, 1.0, 1.0, 1.0]","[2.213987628550788e+143, 2.213987628550788e+143, 2.213987628550788e+143, 2.213987628550788e+143, 2.213987628550788e+143]","[2.213987628550788e+143, 2.213987628550788e+143, 2.213987628550788e+143, 2.213987628550788e+143, 2.213987628550788e+143]","[2.213987628550788e+143, 2.213987628550788e+143, 2.213987628550788e+143, 2.213987628550788e+143, 2.213987628550788e+143]",0.0,0.0,0.0
2026-06-17T21:52:02,907,0,4.3574674937393106e-29,"[4.3574674937393106e-29, 1.0, 1.0, 1.0, 1.0]","[6.365451595296303e+141, 6.365451595296303e+141, 6.365451595296303e+141, 6.365451595296303e+141, 6.365451595296303e+141]","[6.365451595296303e+141, 6.365451595296303e+141, 6.365451595296303e+141, 6.365451595296303e+141, 6.365451595296303e+141]","[6.365451595296303e+141, 6.365451595296303e+141, 6.365451595296303e+141, 6.365451595296303e+141, 6.365451595296303e+141]",0.0,0.0,0.0
2026-06-17T21:52:02,908,0,8.861420589466899e-29,"[8.861420589466899e-29, 1.0, 1.0, 1.0, 1.0]","[1.8301355206118648e+140, 1.8301355206118648e+140, 1.8301355206118648e+140, 1.8301355206118648e+140, 1.8301355206118648e+140]","[1.8301355206118648e+140, 1.8301355206118648e+140, 1.8301355206118648e+140, 1.8301355206118648e+140, 1.8301355206118648e+140]","[1.8301355206118648e+140, 1.8301355206118648e+140, 1.8301355206118648e+140, 1.8301355206118648e+140, 1.8301355206118648e+140]",0.0,0.0,0.0
2026-06-17T21:52:02,909,0,1.8020736810142616e-28,"[1.8020736810142616e-28, 1.0, 1.0, 1.0, 1.0]","[5.261835666585335e+138, 5.261835666585335e+138, 5.261835666585335e+138, 5.261835666585335e+138, 5.261835666585335e+138]","[5.261835666585335e+138, 5.261835666585335e+138, 5.261835666585335e+138, 5.261835666585335e+138, 5.261835666585335e+138]","[5.261835666585335e+138, 5.261835666585335e+138, 5.261835666585335e+138, 5.261835666585335e+138, 5.261835666585335e+138]",0.0,0.0,0.0
2026-06-17T21:52:02,910,0,3.6647279282335223e-28,"[3.6647279282335223e-28, 1.0, 1.0, 1.0, 1.0]","[1.5128341191308632e+137, 1.5128341191308632e+137, 1.5128341191308632e+137, 1.5128341191308632e+137, 1.5128341191308632e+137]","[1.5128341191308632e+137, 1.5128341191308632e+137, 1.5128341191308632e+137, 1.5128341191308632e+137, 1.5128341191308632e+137]","[1.5128341191308632e+137, 1.5128341191308632e+137, 1.5128341191308632e+137, 1.5128341191308632e+137, 1.5128341191308632e+137]",0.0,0.0,0.0
2026-06-17T21:52:02,911,0,7.452653534352615e-28,"[7.452653534352615e-28, 1.0, 1.0, 1.0, 1.0]","[4.3495601478783633e+135, 4.3495601478783633e+135, 4.3495601478783633e+135, 4.3495601478783633e+135, 4.3495601478783633e+135]","[4.3495601478783633e+135, 4.3495601478783633e+135, 4.3495601478783633e+135, 4.3495601478783633e+135, 4.3495601478783633e+135]","[4.3495601478783633e+135, 4.3495601478783633e+135, 4.3495601478783633e+135, 4.3495601478783633e+135, 4.3495601478783633e+135]",0.0,0.0,0.0
2026-06-17T21:52:02,912,0,1.5155843978265254e-27,"[1.5155843978265254e-27, 1.0, 1.0, 1.0, 1.0]","[1.2505451351718978e+134, 1.2505451351718978e+134, 1.2505451351718978e+134, 1.2505451351718978e+134, 1.2505451351718978e+134]","[1.2505451351718978e+134, 1.2505451351718978e+134, 1.2505451351718978e+134, 1.2505451351718978e+134, 1.2505451351718978e+134]","[1.2505451351718978e+134, 1.2505451351718978e+134, 1.2505451351718978e+134, 1.2505451351718978e+134, 1.2505451351718978e+134]",0.0,0.0,0.0
2026-06-17T21:52:02,913,0,3.0821184110428705e-27,"[3.0821184110428705e-27, 1.0, 1.0, 1.0, 1.0]","[3.5954512224987275e+132, 3.5954512224987275e+132, 3.5954512224987275e+132, 3.5954512224987275e+132, 3.5954512224987275e+132]","[3.5954512224987275e+132, 3.5954512224987275e+132, 3.5954512224987275e+132, 3.5954512224987275e+132, 3.5954512224987275e+132]","[3.5954512224987275e+132, 3.5954512224987275e+132, 3.5954512224987275e+132, 3.5954512224987275e+132, 3.5954512224987275e+132]",0.0,0.0,0.0
2026-06-17T21:52:02,914,0,6.267848833303192e-27,"[6.267848833303192e-27, 1.0, 1.0, 1.0, 1.0]","[1.0337307410811762e+131, 1.0337307410811762e+131, 1.0337307410811762e+131, 1.0337307410811762e+131, 1.0337307410811762e+131]","[1.0337307410811762e+131, 1.0337307410811762e+131, 1.0337307410811762e+131, 1.0337307410811762e+131, 1.0337307410811762e+131]","[1.0337307410811762e+131, 1.0337307410811762e+131, 1.0337307410811762e+131, 1.0337307410811762e+131, 1.0337307410811762e+131]",0.0,0.0,0.0
2026-06-17T21:52:02,915,0,1.27464048286993e-26,"[1.27464048286993e-26, 1.0, 1.0, 1.0, 1.0]","[2.972086614245981e+129, 2.972086614245981e+129, 2.972086614245981e+129, 2.972086614245981e+129, 2.972086614245981e+129]","[2.972086614245981e+129, 2.972086614245981e+129, 2.972086614245981e+129, 2.972086614245981e+129, 2.972086614245981e+129]","[2.972086614245981e+129, 2.972086614245981e+129, 2.972086614245981e+129, 2.972086614245981e+129, 2.972086614245981e+129]",0.0,0.0,0.0
2026-06-17T21:52:02,916,0,2.592130735409995e-26,"[2.592130735409995e-26, 1.0, 1.0, 1.0, 1.0]","[8.545067387027129e+127, 8.545067387027129e+127, 8.545067387027129e+127, 8.545067387027129e+127, 8.545067387027129e+127]","[8.545067387027129e+127, 8.545067387027129e+127, 8.545067387027129e+127, 8.545067387027129e+127, 8.545067387027129e+127]","[8.545067387027129e+127, 8.545067387027129e+127, 8.545067387027129e+127, 8.545067387027129e+127, 8.545067387027129e+127]",0.0,0.0,0.0
2026-06-17T21:52:02,917,0,5.271401496937046e-26,"[5.271401496937046e-26, 1.0, 1.0, 1.0, 1.0]","[2.456798408863408e+126, 2.456798408863408e+126, 2.456798408863408e+126, 2.456798408863408e+126, 2.456798408863408e+126]","[2.456798408863408e+126, 2.456798408863408e+126, 2.456798408863408e+126, 2.456798408863408e+126, 2.456798408863408e+126]","[2.456798408863408e+126, 2.456798408863408e+126, 2.456798408863408e+126, 2.456798408863408e+126, 2.456798408863408e+126]",0.0,0.0,0.0
2026-06-17T21:52:02,918,0,1.072001244470997e-25,"[1.072001244470997e-25, 1.0, 1.0, 1.0, 1.0]","[7.063558598679969e+124, 7.063558598679969e+124, 7.063558598679969e+124, 7.063558598679969e+124, 7.063558598679969e+124]","[7.063558598679969e+124, 7.063558598679969e+124, 7.063558598679969e+124, 7.063558598679969e+124, 7.063558598679969e+124]","[7.063558598679969e+124, 7.063558598679969e+124, 7.063558598679969e+124, 7.063558598679969e+124, 7.063558598679969e+124]",0.0,0.0,0.0
2026-06-17T21:52:02,919,0,2.1800401066302813e-25,"[2.1800401066302813e-25, 1.0, 1.0, 1.0, 1.0]","[2.0308487622339434e+123, 2.0308487622339434e+123, 2.0308487622339434e+123, 2.0308487622339434e+123, 2.0308487622339434e+123]","[2.0308487622339434e+123, 2.0308487622339434e+123, 2.0308487622339434e+123, 2.0308487622339434e+123, 2.0308487622339434e+123]","[2.0308487622339434e+123, 2.0308487622339434e+123, 2.0308487622339434e+123, 2.0308487622339434e+123, 2.0308487622339434e+123]",0.0,0.0,0.0
2026-06-17T21:52:02,920,0,4.433366930335825e-25,"[4.433366930335825e-25, 1.0, 1.0, 1.0, 1.0]","[5.838907736729044e+121, 5.838907736729044e+121, 5.838907736729044e+121, 5.838907736729044e+121, 5.838907736729044e+121]","[5.838907736729044e+121, 5.838907736729044e+121, 5.838907736729044e+121, 5.838907736729044e+121, 5.838907736729044e+121]","[5.838907736729044e+121, 5.838907736729044e+121, 5.838907736729044e+121, 5.838907736729044e+121, 5.838907736729044e+121]",0.0,0.0,0.0
2026-06-17T21:52:02,921,0,9.015770984771426e-25,"[9.015770984771426e-25, 1.0, 1.0, 1.0, 1.0]","[1.6787485209155576e+120, 1.6787485209155576e+120, 1.6787485209155576e+120, 1.6787485209155576e+120, 1.6787485209155576e+120]","[1.6787485209155576e+120, 1.6787485209155576e+120, 1.6787485209155576e+120, 1.6787485209155576e+120, 1.6787485209155576e+120]","[1.6787485209155576e+120, 1.6787485209155576e+120, 1.6787485209155576e+120, 1.6787485209155576e+120, 1.6787485209155576e+120]",0.0,0.0,0.0
2026-06-17T21:52:02,922,0,1.8334626419854922e-24,"[1.8334626419854922e-24, 1.0, 1.0, 1.0, 1.0]","[4.826581825824377e+118, 4.826581825824377e+118, 4.826581825824377e+118, 4.826581825824377e+118, 4.826581825824377e+118]","[4.826581825824377e+118, 4.826581825824377e+118, 4.826581825824377e+118, 4.826581825824377e+118, 4.826581825824377e+118]","[4.826581825824377e+118, 4.826581825824377e+118, 4.826581825824377e+118, 4.826581825824377e+118, 4.826581825824377e+118]",0.0,0.0,0.0
2026-06-17T21:52:02,923,0,3.728561057323345e-24,"[3.728561057323345e-24, 1.0, 1.0, 1.0, 1.0]","[1.3876939774560215e+117, 1.3876939774560215e+117, 1.3876939774560215e+117, 1.3876939774560215e+117, 1.3876939774560215e+117]","[1.3876939774560215e+117, 1.3876939774560215e+117, 1.3876939774560215e+117, 1.3876939774560215e+117, 1.3876939774560215e+117]","[1.3876939774560215e+117, 1.3876939774560215e+117, 1.3876939774560215e+117, 1.3876939774560215e+117, 1.3876939774560215e+117]",0.0,0.0,0.0
2026-06-17T21:52:02,924,0,7.582465679875071e-24,"[7.582465679875071e-24, 1.0, 1.0, 1.0, 1.0]","[3.9897688355027165e+115, 3.9897688355027165e+115, 3.9897688355027165e+115, 3.9897688355027165e+115, 3.9897688355027165e+115]","[3.9897688355027165e+115, 3.9897688355027165e+115, 3.9897688355027165e+115, 3.9897688355027165e+115, 3.9897688355027165e+115]","[3.9897688355027165e+115, 3.9897688355027165e+115, 3.9897688355027165e+115, 3.9897688355027165e+115, 3.9897688355027165e+115]",0.0,0.0,0.0
2026-06-17T21:52:02,925,0,1.541983218259456e-23,"[1.541983218259456e-23, 1.0, 1.0, 1.0, 1.0]","[1.147101278765418e+114, 1.147101278765418e+114, 1.147101278765418e+114, 1.147101278765418e+114, 1.147101278765418e+114]","[1.147101278765418e+114, 1.147101278765418e+114, 1.147101278765418e+114, 1.147101278765418e+114, 1.147101278765418e+114]","[1.147101278765418e+114, 1.147101278765418e+114, 1.147101278765418e+114, 1.147101278765418e+114, 1.147101278765418e+114]",0.0,0.0,0.0
2026-06-17T21:52:02,926,0,3.135803504794715e-23,"[3.135803504794715e-23, 1.0, 1.0, 1.0, 1.0]","[3.2980390543841107e+112, 3.2980390543841107e+112, 3.2980390543841107e+112, 3.2980390543841107e+112, 3.2980390543841107e+112]","[3.2980390543841107e+112, 3.2980390543841107e+112, 3.2980390543841107e+112, 3.2980390543841107e+112, 3.2980390543841107e+112]","[3.2980390543841107e+112, 3.2980390543841107e+112, 3.2980390543841107e+112, 3.2980390543841107e+112, 3.2980390543841107e+112]",0.0,0.0,0.0
2026-06-17T21:52:02,927,0,6.377023760208176e-23,"[6.377023760208176e-23, 1.0, 1.0, 1.0, 1.0]","[9.482215568575952e+110, 9.482215568575952e+110, 9.482215568575952e+110, 9.482215568575952e+110, 9.482215568575952e+110]","[9.482215568575952e+110, 9.482215568575952e+110, 9.482215568575952e+110, 9.482215568575952e+110, 9.482215568575952e+110]","[9.482215568575952e+110, 9.482215568575952e+110, 9.482215568575952e+110, 9.482215568575952e+110, 9.482215568575952e+110]",0.0,0.0,0.0
2026-06-17T21:52:02,928,0,1.2968424831492061e-22,"[1.2968424831492061e-22, 1.0, 1.0, 1.0, 1.0]","[2.7262385498262335e+109, 2.7262385498262335e+109, 2.7262385498262335e+109, 2.7262385498262335e+109, 2.7262385498262335e+109]","[2.7262385498262335e+109, 2.7262385498262335e+109, 2.7262385498262335e+109, 2.7262385498262335e+109, 2.7262385498262335e+109]","[2.7262385498262335e+109, 2.7262385498262335e+109, 2.7262385498262335e+109, 2.7262385498262335e+109, 2.7262385498262335e+109]",0.0,0.0,0.0
2026-06-17T21:52:02,929,0,2.6372811037569306e-22,"[2.6372811037569306e-22, 1.0, 1.0, 1.0, 1.0]","[7.838227866480415e+107, 7.838227866480415e+107, 7.838227866480415e+107, 7.838227866480415e+107, 7.838227866480415e+107]","[7.838227866480415e+107, 7.838227866480415e+107, 7.838227866480415e+107, 7.838227866480415e+107, 7.838227866480415e+107]","[7.838227866480415e+107, 7.838227866480415e+107, 7.838227866480415e+107, 7.838227866480415e+107, 7.838227866480415e+107]",0.0,0.0,0.0
2026-06-17T21:52:02,930,0,5.3632200599593495e-22,"[5.3632200599593495e-22, 1.0, 1.0, 1.0, 1.0]","[2.253574475013883e+106, 2.253574475013883e+106, 2.253574475013883e+106, 2.253574475013883e+106, 2.253574475013883e+106]","[2.253574475013883e+106, 2.253574475013883e+106, 2.253574475013883e+106, 2.253574475013883e+106, 2.253574475013883e+106]","[2.253574475013883e+106, 2.253574475013883e+106, 2.253574475013883e+106, 2.253574475013883e+106, 2.253574475013883e+106]",0.0,0.0,0.0
2026-06-17T21:52:02,931,0,1.0906736248394134e-21,"[1.0906736248394134e-21, 1.0, 1.0, 1.0, 1.0]","[6.479268019436032e+104, 6.479268019436032e+104, 6.479268019436032e+104, 6.479268019436032e+104, 6.479268019436032e+104]","[6.479268019436032e+104, 6.479268019436032e+104, 6.479268019436032e+104, 6.479268019436032e+104, 6.479268019436032e+104]","[6.479268019436032e+104, 6.479268019436032e+104, 6.479268019436032e+104, 6.479268019436032e+104, 6.479268019436032e+104]",0.0,0.0,0.0
2026-06-17T21:52:02,932,0,2.21801257942297e-21,"[2.21801257942297e-21, 1.0, 1.0, 1.0, 1.0]","[1.862858961757985e+103, 1.862858961757985e+103, 1.862858961757985e+103, 1.862858961757985e+103, 1.862858961757985e+103]","[1.862858961757985e+103, 1.862858961757985e+103, 1.862858961757985e+103, 1.862858961757985e+103, 1.862858961757985e+103]","[1.862858961757985e+103, 1.862858961757985e+103, 1.862858961757985e+103, 1.862858961757985e+103, 1.862858961757985e+103]",0.0,0.0,0.0
2026-06-17T21:52:02,933,0,4.510588401918051e-21,"[4.510588401918051e-21, 1.0, 1.0, 1.0, 1.0]","[5.355919065227909e+101, 5.355919065227909e+101, 5.355919065227909e+101, 5.355919065227909e+101, 5.355919065227909e+101]","[5.355919065227909e+101, 5.355919065227909e+101, 5.355919065227909e+101, 5.355919065227909e+101, 5.355919065227909e+101]","[5.355919065227909e+101, 5.355919065227909e+101, 5.355919065227909e+101, 5.355919065227909e+101, 5.355919065227909e+101]",0.0,0.0,0.0
2026-06-17T21:52:02,934,0,9.172809893084763e-21,"[9.172809893084763e-21, 1.0, 1.0, 1.0, 1.0]","[1.539884104065616e+100, 1.539884104065616e+100, 1.539884104065616e+100, 1.539884104065616e+100, 1.539884104065616e+100]","[1.539884104065616e+100, 1.539884104065616e+100, 1.539884104065616e+100, 1.539884104065616e+100, 1.539884104065616e+100]","[1.539884104065616e+100, 1.539884104065616e+100, 1.539884104065616e+100, 1.539884104065616e+100, 1.539884104065616e+100]",0.0,0.0,0.0
2026-06-17T21:52:02,935,0,1.8653983435707504e-20,"[1.8653983435707504e-20, 1.0, 1.0, 1.0, 1.0]","[4.427331752170644e+98, 4.427331752170644e+98, 4.427331752170644e+98, 4.427331752170644e+98, 4.427331752170644e+98]","[4.427331752170644e+98, 4.427331752170644e+98, 4.427331752170644e+98, 4.427331752170644e+98, 4.427331752170644e+98]","[4.427331752170644e+98, 4.427331752170644e+98, 4.427331752170644e+98, 4.427331752170644e+98, 4.427331752170644e+98]",0.0,0.0,0.0
2026-06-17T21:52:02,936,0,3.793506047497832e-20,"[3.793506047497832e-20, 1.0, 1.0, 1.0, 1.0]","[1.2729053044983674e+97, 1.2729053044983674e+97, 1.2729053044983674e+97, 1.2729053044983674e+97, 1.2729053044983674e+97]","[1.2729053044983674e+97, 1.2729053044983674e+97, 1.2729053044983674e+97, 1.2729053044983674e+97, 1.2729053044983674e+97]","[1.2729053044983674e+97, 1.2729053044983674e+97, 1.2729053044983674e+97, 1.2729053044983674e+97, 1.2729053044983674e+97]",0.0,0.0,0.0
2026-06-17T21:52:02,937,0,7.714538925158436e-20,"[7.714538925158436e-20, 1.0, 1.0, 1.0, 1.0]","[3.659739104542328e+95, 3.659739104542328e+95, 3.659739104542328e+95, 3.659739104542328e+95, 3.659739104542328e+95]","[3.659739104542328e+95, 3.659739104542328e+95, 3.659739104542328e+95, 3.659739104542328e+95, 3.659739104542328e+95]","[3.659739104542328e+95, 3.659739104542328e+95, 3.659739104542328e+95, 3.659739104542328e+95, 3.659739104542328e+95]",0.0,0.0,0.0
2026-06-17T21:52:02,938,0,1.568841859815664e-19,"[1.568841859815664e-19, 1.0, 1.0, 1.0, 1.0]","[1.0522141958230385e+94, 1.0522141958230385e+94, 1.0522141958230385e+94, 1.0522141958230385e+94, 1.0522141958230385e+94]","[1.0522141958230385e+94, 1.0522141958230385e+94, 1.0522141958230385e+94, 1.0522141958230385e+94, 1.0522141958230385e+94]","[1.0522141958230385e+94, 1.0522141958230385e+94, 1.0522141958230385e+94, 1.0522141958230385e+94, 1.0522141958230385e+94]",0.0,0.0,0.0
2026-06-17T21:52:02,939,0,3.1904236986649514e-19,"[3.1904236986649514e-19, 1.0, 1.0, 1.0, 1.0]","[3.0252285265836707e+92, 3.0252285265836707e+92, 3.0252285265836707e+92, 3.0252285265836707e+92, 3.0252285265836707e+92]","[3.0252285265836707e+92, 3.0252285265836707e+92, 3.0252285265836707e+92, 3.0252285265836707e+92, 3.0252285265836707e+92]","[3.0252285265836707e+92, 3.0252285265836707e+92, 3.0252285265836707e+92, 3.0252285265836707e+92, 3.0252285265836707e+92]",0.0,0.0,0.0
2026-06-17T21:52:02,940,0,6.488100322743134e-19,"[6.488100322743134e-19, 1.0, 1.0, 1.0, 1.0]","[8.697856077580233e+90, 8.697856077580233e+90, 8.697856077580233e+90, 8.697856077580233e+90, 8.697856077580233e+90]","[8.697856077580233e+90, 8.697856077580233e+90, 8.697856077580233e+90, 8.697856077580233e+90, 8.697856077580233e+90]","[8.697856077580233e+90, 8.697856077580233e+90, 8.697856077580233e+90, 8.697856077580233e+90, 8.697856077580233e+90]",0.0,0.0,0.0
2026-06-17T21:52:02,941,0,1.3194312033099119e-18,"[1.3194312033099119e-18, 1.0, 1.0, 1.0, 1.0]","[2.5007267940756983e+89, 2.5007267940756983e+89, 2.5007267940756983e+89, 2.5007267940756983e+89, 2.5007267940756983e+89]","[2.5007267940756983e+89, 2.5007267940756983e+89, 2.5007267940756983e+89, 2.5007267940756983e+89, 2.5007267940756983e+89]","[2.5007267940756983e+89, 2.5007267940756983e+89, 2.5007267940756983e+89, 2.5007267940756983e+89, 2.5007267940756983e+89]",0.0,0.0,0.0
2026-06-17T21:52:02,942,0,2.6832179122837593e-18,"[2.6832179122837593e-18, 1.0, 1.0, 1.0, 1.0]","[7.189857411790957e+87, 7.189857411790957e+87, 7.189857411790957e+87, 7.189857411790957e+87, 7.189857411790957e+87]","[7.189857411790957e+87, 7.189857411790957e+87, 7.189857411790957e+87, 7.189857411790957e+87, 7.189857411790957e+87]","[7.189857411790957e+87, 7.189857411790957e+87, 7.189857411790957e+87, 7.189857411790957e+87, 7.189857411790957e+87]",0.0,0.0,0.0
2026-06-17T21:52:02,943,0,5.456637941212415e-18,"[5.456637941212415e-18, 1.0, 1.0, 1.0, 1.0]","[2.0671610239211323e+86, 2.0671610239211323e+86, 2.0671610239211323e+86, 2.0671610239211323e+86, 2.0671610239211323e+86]","[2.0671610239211323e+86, 2.0671610239211323e+86, 2.0671610239211323e+86, 2.0671610239211323e+86, 2.0671610239211323e+86]","[2.0671610239211323e+86, 2.0671610239211323e+86, 2.0671610239211323e+86, 2.0671610239211323e+86, 2.0671610239211323e+86]",0.0,0.0,0.0
2026-06-17T21:52:02,944,0,1.1096712453047335e-17,"[1.1096712453047335e-17, 1.0, 1.0, 1.0, 1.0]","[5.9433093788632526e+84, 5.9433093788632526e+84, 5.9433093788632526e+84, 5.9433093788632526e+84, 5.9433093788632526e+84]","[5.9433093788632526e+84, 5.9433093788632526e+84, 5.9433093788632526e+84, 5.9433093788632526e+84, 5.9433093788632526e+84]","[5.9433093788632526e+84, 5.9433093788632526e+84, 5.9433093788632526e+84, 5.9433093788632526e+84, 5.9433093788632526e+84]",0.0,0.0,0.0
2026-06-17T21:52:02,945,0,2.2566464660518758e-17,"[2.2566464660518758e-17, 1.0, 1.0, 1.0, 1.0]","[1.70876511138358e+83, 1.70876511138358e+83, 1.70876511138358e+83, 1.70876511138358e+83, 1.70876511138358e+83]","[1.70876511138358e+83, 1.70876511138358e+83, 1.70876511138358e+83, 1.70876511138358e+83, 1.70876511138358e+83]","[1.70876511138358e+83, 1.70876511138358e+83, 1.70876511138358e+83, 1.70876511138358e+83, 1.70876511138358e+83]",0.0,0.0,0.0
2026-06-17T21:52:02,946,0,4.589154936015261e-17,"[4.589154936015261e-17, 1.0, 1.0, 1.0, 1.0]","[4.912882738808745e+81, 4.912882738808745e+81, 4.912882738808745e+81, 4.912882738808745e+81, 4.912882738808745e+81]","[4.912882738808745e+81, 4.912882738808745e+81, 4.912882738808745e+81, 4.912882738808745e+81, 4.912882738808745e+81]","[4.912882738808745e+81, 4.912882738808745e+81, 4.912882738808745e+81, 4.912882738808745e+81, 4.912882738808745e+81]",0.0,0.0,0.0
2026-06-17T21:52:02,947,0,9.332584143585166e-17,"[9.332584143585166e-17, 1.0, 1.0, 1.0, 1.0]","[1.4125064143978085e+80, 1.4125064143978085e+80, 1.4125064143978085e+80, 1.4125064143978085e+80, 1.4125064143978085e+80]","[1.4125064143978085e+80, 1.4125064143978085e+80, 1.4125064143978085e+80, 1.4125064143978085e+80, 1.4125064143978085e+80]","[1.4125064143978085e+80, 1.4125064143978085e+80, 1.4125064143978085e+80, 1.4125064143978085e+80, 1.4125064143978085e+80]",0.0,0.0,0.0
2026-06-17T21:52:02,948,0,1.8978903090319988e-16,"[1.8978903090319988e-16, 1.0, 1.0, 1.0, 1.0]","[4.061107249628217e+78, 4.061107249628217e+78, 4.061107249628217e+78, 4.061107249628217e+78, 4.061107249628217e+78]","[4.061107249628217e+78, 4.061107249628217e+78, 4.061107249628217e+78, 4.061107249628217e+78, 4.061107249628217e+78]","[4.061107249628217e+78, 4.061107249628217e+78, 4.061107249628217e+78, 4.061107249628217e+78, 4.061107249628217e+78]",0.0,0.0,0.0
2026-06-17T21:52:02,949,0,3.8595822654258613e-16,"[3.8595822654258613e-16, 1.0, 1.0, 1.0, 1.0]","[1.1676118370063324e+77, 1.1676118370063324e+77, 1.1676118370063324e+77, 1.1676118370063324e+77, 1.1676118370063324e+77]","[1.1676118370063324e+77, 1.1676118370063324e+77, 1.1676118370063324e+77, 1.1676118370063324e+77, 1.1676118370063324e+77]","[1.1676118370063324e+77, 1.1676118370063324e+77, 1.1676118370063324e+77, 1.1676118370063324e+77, 1.1676118370063324e+77]",0.0,0.0,0.0
2026-06-17T21:52:02,950,0,7.84891265459252e-16,"[7.84891265459252e-16, 1.0, 1.0, 1.0, 1.0]","[3.357009106425684e+75, 3.357009106425684e+75, 3.357009106425684e+75, 3.357009106425684e+75, 3.357009106425684e+75]","[3.357009106425684e+75, 3.357009106425684e+75, 3.357009106425684e+75, 3.357009106425684e+75, 3.357009106425684e+75]","[3.357009106425684e+75, 3.357009106425684e+75, 3.357009106425684e+75, 3.357009106425684e+75, 3.357009106425684e+75]",0.0,0.0,0.0
2026-06-17T21:52:02,951,0,1.5961683317721726e-15,"[1.5961683317721726e-15, 1.0, 1.0, 1.0, 1.0]","[9.651760785090305e+73, 9.651760785090305e+73, 9.651760785090305e+73, 9.651760785090305e+73, 9.651760785090305e+73]","[9.651760785090305e+73, 9.651760785090305e+73, 9.651760785090305e+73, 9.651760785090305e+73, 9.651760785090305e+73]","[9.651760785090305e+73, 9.651760785090305e+73, 9.651760785090305e+73, 9.651760785090305e+73, 9.651760785090305e+73]",0.0,0.0,0.0
2026-06-17T21:52:02,952,0,3.245995280456612e-15,"[3.245995280456612e-15, 1.0, 1.0, 1.0, 1.0]","[2.7749846157491e+72, 2.7749846157491e+72, 2.7749846157491e+72, 2.7749846157491e+72, 2.7749846157491e+72]","[2.7749846157491e+72, 2.7749846157491e+72, 2.7749846157491e+72, 2.7749846157491e+72, 2.7749846157491e+72]","[2.7749846157491e+72, 2.7749846157491e+72, 2.7749846157491e+72, 2.7749846157491e+72, 2.7749846157491e+72]",0.0,0.0,0.0
2026-06-17T21:52:02,953,0,6.601111644063491e-15,"[6.601111644063491e-15, 1.0, 1.0, 1.0, 1.0]","[7.978378027705959e+70, 7.978378027705959e+70, 7.978378027705959e+70, 7.978378027705959e+70, 7.978378027705959e+70]","[7.978378027705959e+70, 7.978378027705959e+70, 7.978378027705959e+70, 7.978378027705959e+70, 7.978378027705959e+70]","[7.978378027705959e+70, 7.978378027705959e+70, 7.978378027705959e+70, 7.978378027705959e+70, 7.978378027705959e+70]",0.0,0.0,0.0
2026-06-17T21:52:02,954,0,1.3424133793337126e-14,"[1.3424133793337126e-14, 1.0, 1.0, 1.0, 1.0]","[2.293869147660094e+69, 2.293869147660094e+69, 2.293869147660094e+69, 2.293869147660094e+69, 2.293869147660094e+69]","[2.293869147660094e+69, 2.293869147660094e+69, 2.293869147660094e+69, 2.293869147660094e+69, 2.293869147660094e+69]","[2.293869147660094e+69, 2.293869147660094e+69, 2.293869147660094e+69, 2.293869147660094e+69, 2.293869147660094e+69]",0.0,0.0,0.0
2026-06-17T21:52:02,955,0,2.7299548593982626e-14,"[2.7299548593982626e-14, 1.0, 1.0, 1.0, 1.0]","[6.595119519674842e+67, 6.595119519674842e+67, 6.595119519674842e+67, 6.595119519674842e+67, 6.595119519674842e+67]","[6.595119519674842e+67, 6.595119519674842e+67, 6.595119519674842e+67, 6.595119519674842e+67, 6.595119519674842e+67]","[6.595119519674842e+67, 6.595119519674842e+67, 6.595119519674842e+67, 6.595119519674842e+67, 6.595119519674842e+67]",0.0,0.0,0.0
2026-06-17T21:52:02,956,0,5.55168299801303e-14,"[5.55168299801303e-14, 1.0, 1.0, 1.0, 1.0]","[1.8961675090824e+66, 1.8961675090824e+66, 1.8961675090824e+66, 1.8961675090824e+66, 1.8961675090824e+66]","[1.8961675090824e+66, 1.8961675090824e+66, 1.8961675090824e+66, 1.8961675090824e+66, 1.8961675090824e+66]","[1.8961675090824e+66, 1.8961675090824e+66, 1.8961675090824e+66, 1.8961675090824e+66, 1.8961675090824e+66]",0.0,0.0,0.0
2026-06-17T21:52:02,957,0,1.1289997709786557e-13,"[1.1289997709786557e-13, 1.0, 1.0, 1.0, 1.0]","[5.45168470681021e+64, 5.45168470681021e+64, 5.45168470681021e+64, 5.45168470681021e+64, 5.45168470681021e+64]","[5.45168470681021e+64, 5.45168470681021e+64, 5.45168470681021e+64, 5.45168470681021e+64, 5.45168470681021e+64]","[5.45168470681021e+64, 5.45168470681021e+64, 5.45168470681021e+64, 5.45168470681021e+64, 5.45168470681021e+64]",0.0,0.0,0.0
2026-06-17T21:52:02,958,0,2.2959532871852474e-13,"[2.2959532871852474e-13, 1.0, 1.0, 1.0, 1.0]","[1.5674177518658236e+63, 1.5674177518658236e+63, 1.5674177518658236e+63, 1.5674177518658236e+63, 1.5674177518658236e+63]","[1.5674177518658236e+63, 1.5674177518658236e+63, 1.5674177518658236e+63, 1.5674177518658236e+63, 1.5674177518658236e+63]","[1.5674177518658236e+63, 1.5674177518658236e+63, 1.5674177518658236e+63, 1.5674177518658236e+63, 1.5674177518658236e+63]",0.0,0.0,0.0
2026-06-17T21:52:02,959,0,4.669089961256001e-13,"[4.669089961256001e-13, 1.0, 1.0, 1.0, 1.0]","[4.506493939011261e+61, 4.506493939011261e+61, 4.506493939011261e+61, 4.506493939011261e+61, 4.506493939011261e+61]","[4.506493939011261e+61, 4.506493939011261e+61, 4.506493939011261e+61, 4.506493939011261e+61, 4.506493939011261e+61]","[4.506493939011261e+61, 4.506493939011261e+61, 4.506493939011261e+61, 4.506493939011261e+61, 4.506493939011261e+61]",0.0,0.0,0.0
2026-06-17T21:52:02,960,0,9.495141381133252e-13,"[9.495141381133252e-13, 1.0, 1.0, 1.0, 1.0]","[1.2956652812034598e+60, 1.2956652812034598e+60, 1.2956652812034598e+60, 1.2956652812034598e+60, 1.2956652812034598e+60]","[1.2956652812034598e+60, 1.2956652812034598e+60, 1.2956652812034598e+60, 1.2956652812034598e+60, 1.2956652812034598e+60]","[1.2956652812034598e+60, 1.2956652812034598e+60, 1.2956652812034598e+60, 1.2956652812034598e+60, 1.2956652812034598e+60]",0.0,0.0,0.0
2026-06-17T21:52:02,961,0,1.9309482275097643e-12,"[1.9309482275097643e-12, 1.0, 1.0, 1.0, 1.0]","[3.7251764756269965e+58, 3.7251764756269965e+58, 3.7251764756269965e+58, 3.7251764756269965e+58, 3.7251764756269965e+58]","[3.7251764756269965e+58, 3.7251764756269965e+58, 3.7251764756269965e+58, 3.7251764756269965e+58, 3.7251764756269965e+58]","[3.7251764756269965e+58, 3.7251764756269965e+58, 3.7251764756269965e+58, 3.7251764756269965e+58, 3.7251764756269965e+58]",0.0,0.0,0.0
2026-06-17T21:52:02,962,0,3.926809415109635e-12,"[3.926809415109635e-12, 1.0, 1.0, 1.0, 1.0]","[1.0710281409775125e+57, 1.0710281409775125e+57, 1.0710281409775125e+57, 1.0710281409775125e+57, 1.0710281409775125e+57]","[1.0710281409775125e+57, 1.0710281409775125e+57, 1.0710281409775125e+57, 1.0710281409775125e+57, 1.0710281409775125e+57]","[1.0710281409775125e+57, 1.0710281409775125e+57, 1.0710281409775125e+57, 1.0710281409775125e+57, 1.0710281409775125e+57]",0.0,0.0,0.0
2026-06-17T21:52:02,963,0,7.985626938573959e-12,"[7.985626938573959e-12, 1.0, 1.0, 1.0, 1.0]","[3.07932063425988e+55, 3.07932063425988e+55, 3.07932063425988e+55, 3.07932063425988e+55, 3.07932063425988e+55]","[3.07932063425988e+55, 3.07932063425988e+55, 3.07932063425988e+55, 3.07932063425988e+55, 3.07932063425988e+55]","[3.07932063425988e+55, 3.07932063425988e+55, 3.07932063425988e+55, 3.07932063425988e+55, 3.07932063425988e+55]",0.0,0.0,0.0
2026-06-17T21:52:02,964,0,1.6239707829135288e-11,"[1.6239707829135288e-11, 1.0, 1.0, 1.0, 1.0]","[8.853376681516866e+53, 8.853376681516866e+53, 8.853376681516866e+53, 8.853376681516866e+53, 8.853376681516866e+53]","[8.853376681516866e+53, 8.853376681516866e+53, 8.853376681516866e+53, 8.853376681516866e+53, 8.853376681516866e+53]","[8.853376681516866e+53, 8.853376681516866e+53, 8.853376681516866e+53, 8.853376681516866e+53, 8.853376681516866e+53]",0.0,0.0,0.0
2026-06-17T21:52:02,965,0,3.302534821677662e-11,"[3.302534821677662e-11, 1.0, 1.0, 1.0, 1.0]","[2.545440633650271e+52, 2.545440633650271e+52, 2.545440633650271e+52, 2.545440633650271e+52, 2.545440633650271e+52]","[2.545440633650271e+52, 2.545440633650271e+52, 2.545440633650271e+52, 2.545440633650271e+52, 2.545440633650271e+52]","[2.545440633650271e+52, 2.545440633650271e+52, 2.545440633650271e+52, 2.545440633650271e+52, 2.545440633650271e+52]",0.0,0.0,0.0
2026-06-17T21:52:02,966,0,6.716091424271826e-11,"[6.716091424271826e-11, 1.0, 1.0, 1.0, 1.0]","[7.318414490331671e+50, 7.318414490331671e+50, 7.318414490331671e+50, 7.318414490331671e+50, 7.318414490331671e+50]","[7.318414490331671e+50, 7.318414490331671e+50, 7.318414490331671e+50, 7.318414490331671e+50, 7.318414490331671e+50]","[7.318414490331671e+50, 7.318414490331671e+50, 7.318414490331671e+50, 7.318414490331671e+50, 7.318414490331671e+50]",0.0,0.0,0.0
2026-06-17T21:52:02,967,0,1.3657958645312423e-10,"[1.3657958645312423e-10, 1.0, 1.0, 1.0, 1.0]","[2.1041225611099538e+49, 2.1041225611099538e+49, 2.1041225611099538e+49, 2.1041225611099538e+49, 2.1041225611099538e+49]","[2.1041225611099538e+49, 2.1041225611099538e+49, 2.1041225611099538e+49, 2.1041225611099538e+49, 2.1041225611099538e+49]","[2.1041225611099538e+49, 2.1041225611099538e+49, 2.1041225611099538e+49, 2.1041225611099538e+49, 2.1041225611099538e+49]",0.0,0.0,0.0
2026-06-17T21:52:02,968,0,2.777505882110422e-10,"[2.777505882110422e-10, 1.0, 1.0, 1.0, 1.0]","[6.0495777576153e+47, 6.0495777576153e+47, 6.0495777576153e+47, 6.0495777576153e+47, 6.0495777576153e+47]","[6.0495777576153e+47, 6.0495777576153e+47, 6.0495777576153e+47, 6.0495777576153e+47, 6.0495777576153e+47]","[6.0495777576153e+47, 6.0495777576153e+47, 6.0495777576153e+47, 6.0495777576153e+47, 6.0495777576153e+47]",0.0,0.0,0.0
2026-06-17T21:52:02,969,0,5.64838357290364e-10,"[5.64838357290364e-10, 1.0, 1.0, 1.0, 1.0]","[1.7393184086257867e+46, 1.7393184086257867e+46, 1.7393184086257867e+46, 1.7393184086257867e+46, 1.7393184086257867e+46]","[1.7393184086257867e+46, 1.7393184086257867e+46, 1.7393184086257867e+46, 1.7393184086257867e+46, 1.7393184086257867e+46]","[1.7393184086257867e+46, 1.7393184086257867e+46, 1.7393184086257867e+46, 1.7393184086257867e+46, 1.7393184086257867e+46]",0.0,0.0,0.0
2026-06-17T21:52:02,970,0,1.1486649656491818e-09,"[1.1486649656491818e-09, 1.0, 1.0, 1.0, 1.0]","[5.000726741261132e+44, 5.000726741261132e+44, 5.000726741261132e+44, 5.000726741261132e+44, 5.000726741261132e+44]","[5.000726741261132e+44, 5.000726741261132e+44, 5.000726741261132e+44, 5.000726741261132e+44, 5.000726741261132e+44]","[5.000726741261132e+44, 5.000726741261132e+44, 5.000726741261132e+44, 5.000726741261132e+44, 5.000726741261132e+44]",0.0,0.0,0.0
2026-06-17T21:52:02,971,0,2.335944764161195e-09,"[2.335944764161195e-09, 1.0, 1.0, 1.0, 1.0]","[1.4377625060912275e+43, 1.4377625060912275e+43, 1.4377625060912275e+43, 1.4377625060912275e+43, 1.4377625060912275e+43]","[1.4377625060912275e+43, 1.4377625060912275e+43, 1.4377625060912275e+43, 1.4377625060912275e+43, 1.4377625060912275e+43]","[1.4377625060912275e+43, 1.4377625060912275e+43, 1.4377625060912275e+43, 1.4377625060912275e+43, 1.4377625060912275e+43]",0.0,0.0,0.0
2026-06-17T21:52:02,972,0,4.750417314354336e-09,"[4.750417314354336e-09, 1.0, 1.0, 1.0, 1.0]","[4.133721218689126e+41, 4.133721218689126e+41, 4.133721218689126e+41, 4.133721218689126e+41, 4.133721218689126e+41]","[4.133721218689126e+41, 4.133721218689126e+41, 4.133721218689126e+41, 4.133721218689126e+41, 4.133721218689126e+41]","[4.133721218689126e+41, 4.133721218689126e+41, 4.133721218689126e+41, 4.133721218689126e+41, 4.133721218689126e+41]",0.0,0.0,0.0
2026-06-17T21:52:02,973,0,9.660530080479349e-09,"[9.660530080479349e-09, 1.0, 1.0, 1.0, 1.0]","[1.1884891309550171e+40, 1.1884891309550171e+40, 1.1884891309550171e+40, 1.1884891309550171e+40, 1.1884891309550171e+40]","[1.1884891309550171e+40, 1.1884891309550171e+40, 1.1884891309550171e+40, 1.1884891309550171e+40, 1.1884891309550171e+40]","[1.1884891309550171e+40, 1.1884891309550171e+40, 1.1884891309550171e+40, 1.1884891309550171e+40, 1.1884891309550171e+40]",0.0,0.0,0.0
2026-06-17T21:52:02,974,0,1.964581956912367e-08,"[1.964581956912367e-08, 1.0, 1.0, 1.0, 1.0]","[3.417033562911974e+38, 3.417033562911974e+38, 3.417033562911974e+38, 3.417033562911974e+38, 3.417033562911974e+38]","[3.417033562911974e+38, 3.417033562911974e+38, 3.417033562911974e+38, 3.417033562911974e+38, 3.417033562911974e+38]","[3.417033562911974e+38, 3.417033562911974e+38, 3.417033562911974e+38, 3.417033562911974e+38, 3.417033562911974e+38]",0.0,0.0,0.0
2026-06-17T21:52:02,975,0,3.995207543760501e-08,"[3.995207543760501e-08, 1.0, 1.0, 1.0, 1.0]","[9.82433752733133e+36, 9.82433752733133e+36, 9.82433752733133e+36, 9.82433752733133e+36, 9.82433752733133e+36]","[9.82433752733133e+36, 9.82433752733133e+36, 9.82433752733133e+36, 9.82433752733133e+36, 9.82433752733133e+36]","[9.82433752733133e+36, 9.82433752733133e+36, 9.82433752733133e+36, 9.82433752733133e+36, 9.82433752733133e+36]",0.0,0.0,0.0
2026-06-17T21:52:02,976,0,8.124722545455374e-08,"[8.124722545455374e-08, 1.0, 1.0, 1.0, 1.0]","[2.824602277792117e+35, 2.824602277792117e+35, 2.824602277792117e+35, 2.824602277792117e+35, 2.824602277792117e+35]","[2.824602277792117e+35, 2.824602277792117e+35, 2.824602277792117e+35, 2.824602277792117e+35, 2.824602277792117e+35]","[2.824602277792117e+35, 2.824602277792117e+35, 2.824602277792117e+35, 2.824602277792117e+35, 2.824602277792117e+35]",0.0,0.0,0.0
2026-06-17T21:52:02,977,0,1.6522575039618086e-07,"[1.6522575039618086e-07, 1.0, 1.0, 1.0, 1.0]","[8.121034121142906e+33, 8.121034121142906e+33, 8.121034121142906e+33, 8.121034121142906e+33, 8.121034121142906e+33]","[8.121034121142906e+33, 8.121034121142906e+33, 8.121034121142906e+33, 8.121034121142906e+33, 8.121034121142906e+33]","[8.121034121142906e+33, 8.121034121142906e+33, 8.121034121142906e+33, 8.121034121142906e+33, 8.121034121142906e+33]",0.0,0.0,0.0
2026-06-17T21:52:02,978,0,3.3600591824826336e-07,"[3.3600591824826336e-07, 1.0, 1.0, 1.0, 1.0]","[2.334884302660816e+32, 2.334884302660816e+32, 2.334884302660816e+32, 2.334884302660816e+32, 2.334884302660816e+32]","[2.334884302660816e+32, 2.334884302660816e+32, 2.334884302660816e+32, 2.334884302660816e+32, 2.334884302660816e+32]","[2.334884302660816e+32, 2.334884302660816e+32, 2.334884302660816e+32, 2.334884302660816e+32, 2.334884302660816e+32]",0.0,0.0,0.0
2026-06-17T21:52:02,979,0,6.833073950467472e-07,"[6.833073950467472e-07, 1.0, 1.0, 1.0, 1.0]","[6.713042483861279e+30, 6.713042483861279e+30, 6.713042483861279e+30, 6.713042483861279e+30, 6.713042483861279e+30]","[6.713042483861279e+30, 6.713042483861279e+30, 6.713042483861279e+30, 6.713042483861279e+30, 6.713042483861279e+30]","[6.713042483861279e+30, 6.713042483861279e+30, 6.713042483861279e+30, 6.713042483861279e+30, 6.713042483861279e+30]",0.0,0.0,0.0
2026-06-17T21:52:02,980,0,1.389585631585781e-06,"[1.389585631585781e-06, 1.0, 1.0, 1.0, 1.0]","[1.9300716244813466e+29, 1.9300716244813466e+29, 1.9300716244813466e+29, 1.9300716244813466e+29, 1.9300716244813466e+29]","[1.9300716244813466e+29, 1.9300716244813466e+29, 1.9300716244813466e+29, 1.9300716244813466e+29, 1.9300716244813466e+29]","[1.9300716244813466e+29, 1.9300716244813466e+29, 1.9300716244813466e+29, 1.9300716244813466e+29, 1.9300716244813466e+29]",0.0,0.0,0.0
2026-06-17T21:52:02,981,0,2.8258851601884795e-06,"[2.8258851601884795e-06, 1.0, 1.0, 1.0, 1.0]","[5.549162670404272e+27, 5.549162670404272e+27, 5.549162670404272e+27, 5.549162670404272e+27, 5.549162670404272e+27]","[5.549162670404272e+27, 5.549162670404272e+27, 5.549162670404272e+27, 5.549162670404272e+27, 5.549162670404272e+27]","[5.549162670404272e+27, 5.549162670404272e+27, 5.549162670404272e+27, 5.549162670404272e+27, 5.549162670404272e+27]",0.0,0.0,0.0
2026-06-17T21:52:02,982,0,5.746768502104007e-06,"[5.746768502104007e-06, 1.0, 1.0, 1.0, 1.0]","[1.5954437105868068e+26, 1.5954437105868068e+26, 1.5954437105868068e+26, 1.5954437105868068e+26, 1.5954437105868068e+26]","[1.5954437105868068e+26, 1.5954437105868068e+26, 1.5954437105868068e+26, 1.5954437105868068e+26, 1.5954437105868068e+26]","[1.5954437105868068e+26, 1.5954437105868068e+26, 1.5954437105868068e+26, 1.5954437105868068e+26, 1.5954437105868068e+26]",0.0,0.0,0.0
2026-06-17T21:52:02,983,0,1.1686726934994068e-05,"[1.1686726934994068e-05, 1.0, 1.0, 1.0, 1.0]","[4.587071572485652e+24, 4.587071572485652e+24, 4.587071572485652e+24, 4.587071572485652e+24, 4.587071572485652e+24]","[4.587071572485652e+24, 4.587071572485652e+24, 4.587071572485652e+24, 4.587071572485652e+24, 4.587071572485652e+24]","[4.587071572485652e+24, 4.587071572485652e+24, 4.587071572485652e+24, 4.587071572485652e+24, 4.587071572485652e+24]",0.0,0.0,0.0
2026-06-17T21:52:02,984,0,2.376632822482959e-05,"[2.376632822482959e-05, 1.0, 1.0, 1.0, 1.0]","[1.3188322139780644e+23, 1.3188322139780644e+23, 1.3188322139780644e+23, 1.3188322139780644e+23, 1.3188322139780644e+23]","[1.3188322139780644e+23, 1.3188322139780644e+23, 1.3188322139780644e+23, 1.3188322139780644e+23, 1.3188322139780644e+23]","[1.3188322139780644e+23, 1.3188322139780644e+23, 1.3188322139780644e+23, 1.3188322139780644e+23, 1.3188322139780644e+23]",0.0,0.0,0.0
2026-06-17T21:52:02,985,0,4.833161247218079e-05,"[4.833161247218079e-05, 1.0, 1.0, 1.0, 1.0]","[3.7917838890048023e+21, 3.7917838890048023e+21, 3.7917838890048023e+21, 3.7917838890048023e+21, 3.7917838890048023e+21]","[3.7917838890048023e+21, 3.7917838890048023e+21, 3.7917838890048023e+21, 3.7917838890048023e+21, 3.7917838890048023e+21]","[3.7917838890048023e+21, 3.7917838890048023e+21, 3.7917838890048023e+21, 3.7917838890048023e+21, 3.7917838890048023e+21]",0.0,0.0,0.0
2026-06-17T21:52:02,986,0,9.828799560718875e-05,"[9.828799560718875e-05, 1.0, 1.0, 1.0, 1.0]","[1.090178485824859e+20, 1.090178485824859e+20, 1.090178485824859e+20, 1.090178485824859e+20, 1.090178485824859e+20]","[1.090178485824859e+20, 1.090178485824859e+20, 1.090178485824859e+20, 1.090178485824859e+20, 1.090178485824859e+20]","[1.090178485824859e+20, 1.090178485824859e+20, 1.090178485824859e+20, 1.090178485824859e+20, 1.090178485824859e+20]",0.0,0.0,0.0
2026-06-17T21:52:02,987,0,0.00019988015268555963,"[0.00019988015268555963, 1.0, 1.0, 1.0, 1.0]","[3.134379927088333e+18, 3.134379927088333e+18, 3.134379927088333e+18, 3.134379927088333e+18, 3.134379927088333e+18]","[3.134379927088333e+18, 3.134379927088333e+18, 3.134379927088333e+18, 3.134379927088333e+18, 3.134379927088333e+18]","[3.134379927088333e+18, 3.134379927088333e+18, 3.134379927088333e+18, 3.134379927088333e+18, 3.134379927088333e+18]",0.0,0.0,0.0
2026-06-17T21:52:02,988,0,0.00040647970477770604,"[0.00040647970477770604, 1.0, 1.0, 1.0, 1.0]","[9.011678046371531e+16, 9.011678046371531e+16, 9.011678046371531e+16, 9.011678046371531e+16, 9.011678046371531e+16]","[9.011678046371531e+16, 9.011678046371531e+16, 9.011678046371531e+16, 9.011678046371531e+16, 9.011678046371531e+16]","[9.011678046371531e+16, 9.011678046371531e+16, 9.011678046371531e+16, 9.011678046371531e+16, 9.011678046371531e+16]",0.0,0.0,0.0
2026-06-17T21:52:02,989,0,0.0008266240953702645,"[0.0008266240953702645, 1.0, 1.0, 1.0, 1.0]","[2590953971776670.0, 2590953971776673.0, 2590953971776673.0, 2590953971776673.0, 2590953971776673.5]","[2590953971776670.0, 2590953971776673.0, 2590953971776673.0, 2590953971776673.0, 2590953971776673.5]","[2590953971776670.0, 2590953971776673.0, 2590953971776673.0, 2590953971776673.0, 2590953971776673.5]",0.0,0.0,0.0
2026-06-17T21:52:02,990,0,0.001681036930048926,"[0.001681036930048926, 1.0, 1.0, 1.0, 1.0]","[74492702128703.14, 74492702128706.45, 74492702128706.44, 74492702128706.44, 74492702128706.6]","[74492702128703.14, 74492702128706.45, 74492702128706.44, 74492702128706.44, 74492702128706.6]","[74492702128703.14, 74492702128706.45, 74492702128706.44, 74492702128706.44, 74492702128706.6]",0.0,0.0,0.0
2026-06-17T21:52:02,991,0,0.0034185855167003466,"[0.0034185855167003466, 1.0, 1.0, 1.0, 1.0]","[2141744983165.1614, 2141744983168.4753, 2141744983168.4558, 2141744983168.4592, 2141744983168.6162]","[2141744983165.1614, 2141744983168.4753, 2141744983168.4558, 2141744983168.4592, 2141744983168.6162]","[2141744983165.1614, 2141744983168.4753, 2141744983168.4558, 2141744983168.4592, 2141744983168.6162]",0.0,0.0,0.0
2026-06-17T21:52:02,992,0,0.006952094106970785,"[0.006952094106970785, 1.0, 1.0, 1.0, 1.0]","[61577462558.59713, 61577462561.900566, 61577462561.8809, 61577462561.88436, 61577462562.041336]","[61577462558.59713, 61577462561.900566, 61577462561.8809, 61577462561.88436, 61577462562.041336]","[61577462558.59713, 61577462561.900566, 61577462561.8809, 61577462561.88436, 61577462562.041336]",0.0,0.0,0.0
2026-06-17T21:52:02,993,0,0.014137897746325222,"[0.014137897746325222, 1.0, 1.0, 1.0, 1.0]","[1770418034.7253063, 1770418038.0071838, 1770418037.9875207, 1770418037.990985, 1770418038.1479585]","[1770418034.7253063, 1770418038.0071838, 1770418037.9875207, 1770418037.990985, 1770418038.1479585]","[1770418034.7253063, 1770418038.0071838, 1770418037.9875207, 1770418037.990985, 1770418038.1479585]",0.0,0.0,0.0
2026-06-17T21:52:02,994,0,0.028751071203873713,"[0.028751071203873713, 1.0, 1.0, 1.0, 1.0]","[50901427.88648228, 50901431.12451678, 50901431.104853645, 50901431.108318016, 50901431.265291445]","[50901427.88648228, 50901431.12451678, 50901431.104853645, 50901431.108318016, 50901431.265291445]","[50901427.88648228, 50901431.12451678, 50901431.104853645, 50901431.108318016, 50901431.265291445]",0.0,0.0,0.0
2026-06-17T21:52:02,995,0,0.05846867124110271,"[0.05846867124110271, 1.0, 1.0, 1.0, 1.0]","[1463478.0267627772, 1463481.1756155351, 1463481.1559523863, 1463481.1594167606, 1463481.3163902946]","[1463478.0267627772, 1463481.1756155351, 1463481.1559523863, 1463481.1594167606, 1463481.3163902946]","[1463478.0267627772, 1463481.1756155351, 1463481.1559523863, 1463481.1594167606, 1463481.3163902946]",0.0,0.0,0.0
2026-06-17T21:52:02,996,0,0.11890289208561913,"[0.11890289208561913, 1.0, 1.0, 1.0, 1.0]","[42081.46107212163, 42084.42838821706, 42084.40872461434, 42084.41218906858, 42084.5691662258]","[42081.46107212163, 42084.42838821706, 42084.40872461434, 42084.41218906858, 42084.5691662258]","[42081.46107212163, 42084.42838821706, 42084.40872461434, 42084.41218906858, 42084.5691662258]",0.0,0.0,0.0
2026-06-17T21:52:02,997,0,0.24180295953751113,"[0.24180295953751113, 1.0, 1.0, 1.0, 1.0]","[1213.8171361547375, 1216.414020812062, 1216.3943414372632, 1216.3978086703055, 1216.5549117426647]","[1213.8171361547375, 1216.414020812062, 1216.3943414372632, 1216.3978086703055, 1216.5549117426647]","[1213.8171361547375, 1216.414020812062, 1216.3943414372632, 1216.3978086703055, 1216.5549117426647]",0.0,0.0,0.0
2026-06-17T21:52:02,998,0,0.4917346434180705,"[0.4917346434180705, 1.0, 1.0, 1.0, 1.0]","[39.14226796977226, 40.97632529812785, 40.956103351233175, 40.95966616489864, 41.12110557954794]","[39.14226796977226, 40.97632529812785, 40.956103351233175, 40.95966616489864, 41.12110557954794]","[39.14226796977226, 40.97632529812785, 40.956103351233175, 40.95966616489864, 41.12110557954794]",0.0,0.0,0.0
2026-06-17T21:52:02,999,0,1.0,"[1.0, 1.0, 1.0, 1.0, 1.0]","[14.172337440538257, 13.729236401044862, 13.694039135129914, 13.70023863744645, 13.981889917756988]","[14.172337440538257, 13.729236401044862, 13.694039135129914, 13.70023863744645, 13.981889917756988]","[14.172337440538257, 13.729236401044862, 13.694039135129914, 13.70023863744645, 13.981889917756988]",0.0,0.0,0.0
