benchmark,tool,function,timing_name,case_index,run_count,mean_time_ms,median_time_ms,min_time_ms,max_time_ms,stdev_time_ms
gmm,codipack,jacobian,evaluate,1,3,0.482423,0.4961585,0.424012,0.5270985,0.0528980584780765
gmm,codipack,jacobian,evaluate,3,3,0.8589416666666667,0.830283,0.813102,0.93344,0.06508684922726969
gmm,codipack,jacobian,evaluate,5,3,2.534628166666667,2.507681,2.37973,2.7164735,0.16998134762844833
gmm,codipack,jacobian,evaluate,7,3,4.630928166666666,4.557477,4.0857635,5.249544,0.5853567873174306
gmm,codipack,jacobian,evaluate,9,3,4.958743666666667,4.965705,4.798503,5.112023,0.15687588317307816
gmm,codipack,jacobian,evaluate,11,3,8.533019166666667,8.403821,8.11761,9.0776265,0.4928762976352002
gmm,codipack,jacobian,evaluate,13,3,14.391178166666666,14.7936785,12.998594,15.381262,1.24128223555567
gmm,codipack,jacobian,evaluate,15,3,33.30293416666667,31.1927825,31.1831735,37.5328465,3.6632146871271862
gmm,codipack,jacobian,evaluate,17,3,10.2355835,9.8119445,9.673481,11.221325,0.8564798677288044
gmm,codipack,jacobian,evaluate,19,3,28.072888166666665,27.843364,27.436328,28.9389725,0.7771718797396635
gmm,codipack,jacobian,evaluate,21,3,21.965428166666666,20.593962,20.207417,25.0949055,2.717089535540112
gmm,codipack,jacobian,evaluate,23,3,69.71435566666666,68.964752,60.213267,79.965048,9.897203767266806
gmm,codipack,jacobian,evaluate,25,3,131.76022116666667,129.8098705,120.599323,144.87147,12.253047816344612
gmm,codipack,jacobian,evaluate,27,3,43.391825833333336,41.23612,37.612287,51.3270705,7.106977018597187
gmm,codipack,jacobian,evaluate,29,3,69.49683266666666,71.843806,63.4022245,73.2444675,5.324345000870583
gmm,codipack,jacobian,evaluate,31,3,437.7157646666667,530.4093575,237.668578,545.0693585,173.4009416850616
gmm,codipack,jacobian,evaluate,33,3,178.62248316666665,179.7079355,165.824446,190.335068,12.2913100515232
gmm,codipack,jacobian,evaluate,35,3,89.14119933333333,84.843707,82.608424,99.971467,9.445641630998733
gmm,codipack,jacobian,evaluate,37,3,143.26697000000001,140.019045,137.899674,151.882191,7.535878052227292
gmm,codipack,jacobian,evaluate,39,3,655.5166091666666,662.367949,625.825543,678.3563355,26.9272479712164
gmm,codipack,jacobian,evaluate,41,3,1684.2953486666665,1590.158823,1547.059585,1915.667638,201.52974540388803
gmm,codipack,jacobian,evaluate,43,3,550.0655553333334,540.7450265,532.86963,576.5820095,23.29908203530246
gmm,codipack,jacobian,evaluate,45,3,1991.5822806666665,1975.757275,1923.487112,2075.502455,77.23334273559847
gmm,codipack,jacobian,evaluate,47,3,4000.359758,3580.264954,3273.471594,5147.342726,1005.0910347309784
gmm,codipack,jacobian,evaluate,49,3,12718.157325,13509.795874,10771.247663,13873.428438,1695.8478954175164
gmm,codipack,jacobian,prepare,1,3,0.0022353333333333335,0.001886,0.001886,0.002934,0.0006050630821107277
gmm,codipack,jacobian,prepare,3,3,0.002049,0.001886,0.001886,0.002375,0.0002823242816337269
gmm,codipack,jacobian,prepare,5,3,0.0020253333333333334,0.001886,0.001885,0.002305,0.00024219895403022158
gmm,codipack,jacobian,prepare,7,3,0.009731333333333333,0.008591,0.008102,0.012501,0.0024110309689701903
gmm,codipack,jacobian,prepare,9,3,0.009452333333333333,0.009499,0.00915,0.009708,0.00028191192478029946
gmm,codipack,jacobian,prepare,11,3,0.008567666666666668,0.008521,0.008521,0.008661,8.082903768654732e-05
gmm,codipack,jacobian,prepare,13,3,0.0031896666666666666,0.002933,0.002864,0.003772,0.0005054941476746625
gmm,codipack,jacobian,prepare,15,3,0.004982,0.004749,0.0044,0.005797,0.0007270618955769859
gmm,codipack,jacobian,prepare,17,3,0.010081,0.010058,0.009708,0.010477,0.0003850155841001767
gmm,codipack,jacobian,prepare,19,3,0.003981,0.003841,0.003771,0.004331,0.00030512292604784703
gmm,codipack,jacobian,prepare,21,3,0.010033666666666666,0.009568,0.009568,0.010965,0.0008065583260579075
gmm,codipack,jacobian,prepare,23,3,0.006937666666666667,0.006635,0.006635,0.007543,0.0005242340444241802
gmm,codipack,jacobian,prepare,25,3,0.019159666666666665,0.01767,0.01306,0.026749,0.006965020483339106
gmm,codipack,jacobian,prepare,27,3,0.011803333333333334,0.012222,0.010896,0.012292,0.0007865528166203045
gmm,codipack,jacobian,prepare,29,3,0.007589333333333333,0.007124,0.006565,0.009079,0.0013200190655188787
gmm,codipack,jacobian,prepare,31,3,0.022419333333333333,0.023606,0.019277,0.024375,0.002748369395356697
gmm,codipack,jacobian,prepare,33,3,0.014247666666666667,0.015086,0.012292,0.015365,0.001699392342378102
gmm,codipack,jacobian,prepare,35,3,0.01476,0.014737,0.014457,0.015086,0.00031513013185032043
gmm,codipack,jacobian,prepare,37,3,0.012618333333333334,0.012432,0.012013,0.01341,0.0007168977146938981
gmm,codipack,jacobian,prepare,39,3,0.21425233333333332,0.214904,0.211971,0.215882,0.00203530890366385
gmm,codipack,jacobian,prepare,41,3,0.444196,0.434977,0.41577,0.481841,0.03398656691988765
gmm,codipack,jacobian,prepare,43,3,0.16790033333333335,0.166713,0.165526,0.171462,0.003141073754838197
gmm,codipack,jacobian,prepare,45,3,0.5664663333333333,0.551125,0.47772,0.670554,0.0973280805848617
gmm,codipack,jacobian,prepare,47,3,0.905689,0.892862,0.865413,0.958792,0.047992794844643076
gmm,codipack,jacobian,prepare,49,3,2.329072,2.172649,2.120547,2.69402,0.3171260579469937
gmm,codipack,objective,evaluate,0,3,0.10096866666666666,0.104344,0.090027,0.108535,0.009704698466893933
gmm,codipack,objective,evaluate,2,3,0.161219,0.15931,0.150719,0.173628,0.01157319234265119
gmm,codipack,objective,evaluate,4,3,0.372421,0.383014,0.345159,0.38909,0.023804241785866657
gmm,codipack,objective,evaluate,6,3,0.39626133333333335,0.384272,0.380779,0.423733,0.023855180031459297
gmm,codipack,objective,evaluate,8,3,0.7258458333333333,0.74745,0.670205,0.7598825,0.04858568219736479
gmm,codipack,objective,evaluate,10,3,0.7256013333333333,0.710155,0.697443,0.769206,0.03829391534347631
gmm,codipack,objective,evaluate,12,3,0.7894375,0.795782,0.7448315,0.827699,0.04179647292834647
gmm,codipack,objective,evaluate,14,3,1.3298986666666668,1.275806,1.264666,1.449224,0.10348877369711817
gmm,codipack,objective,evaluate,16,3,1.4563711666666668,1.461726,1.4383635,1.469024,0.016016311843971346
gmm,codipack,objective,evaluate,18,3,1.6633018333333334,1.6247725,1.608533,1.7566,0.08120554948760171
gmm,codipack,objective,evaluate,20,3,1.7856653333333334,1.65009,1.641953,2.064953,0.24190443000559816
gmm,codipack,objective,evaluate,22,3,2.5025245000000003,2.508729,2.4407375,2.558107,0.05893022779312845
gmm,codipack,objective,evaluate,24,3,3.060982333333333,2.962423,2.959106,3.261418,0.17359030208031023
gmm,codipack,objective,evaluate,26,3,3.9452068333333337,4.0295065,3.624946,4.181168,0.28753356964202187
gmm,codipack,objective,evaluate,28,3,4.090199166666666,4.102527,3.5772785,4.590792,0.5068691993765094
gmm,codipack,objective,evaluate,30,3,5.9998455,6.0172125,5.8087335,6.1735905,0.18304744502177603
gmm,codipack,objective,evaluate,32,3,6.7304406666666665,6.959976,6.0274455,7.2039005,0.6209077577970687
gmm,codipack,objective,evaluate,34,3,7.350510666666667,7.43588,6.953412,7.66224,0.3620431268527731
gmm,codipack,objective,evaluate,36,3,8.056021166666667,8.242836,7.1873135,8.737914,0.7920008296176736
gmm,codipack,objective,evaluate,38,3,12.108598333333333,11.884826,11.795145,12.645824,0.467406924568232
gmm,codipack,objective,evaluate,40,3,17.25518316666667,17.4045545,16.777405,17.58359,0.42334077286812666
gmm,codipack,objective,evaluate,42,3,14.450439833333334,14.59309,13.531143,15.2270865,0.8569235037829127
gmm,codipack,objective,evaluate,44,3,30.791110666666665,31.1122255,29.464781,31.7963255,1.1984827871146435
gmm,codipack,objective,evaluate,46,3,31.889098333333337,33.0472625,28.2418535,34.378179,3.227945296655535
gmm,codipack,objective,evaluate,48,3,69.63447133333334,71.4851345,60.588462,76.8298175,8.277325820377474
gmm,codipack,objective,prepare,0,3,0.0012803333333333334,0.001397,0.000978,0.001466,0.0002640915245390003
gmm,codipack,objective,prepare,2,3,0.0014433333333333334,0.001466,0.001397,0.001467,4.012895878705718e-05
gmm,codipack,objective,prepare,4,3,0.0014203333333333333,0.001397,0.001397,0.001467,4.041451884327378e-05
gmm,codipack,objective,prepare,6,3,0.0014666666666666667,0.001467,0.001466,0.001467,5.773502691895772e-07
gmm,codipack,objective,prepare,8,3,0.0015823333333333334,0.001885,0.000977,0.001885,0.0005242340444241802
gmm,codipack,objective,prepare,10,3,0.001397,0.001397,0.001397,0.001397,0.0
gmm,codipack,objective,prepare,12,3,0.00142,0.001397,0.001397,0.001466,3.983716857408421e-05
gmm,codipack,objective,prepare,14,3,0.0014436666666666667,0.001467,0.001397,0.001467,4.041451884327378e-05
gmm,codipack,objective,prepare,16,3,0.0014203333333333333,0.001397,0.001397,0.001467,4.041451884327378e-05
gmm,codipack,objective,prepare,18,3,0.0014203333333333333,0.001397,0.001397,0.001467,4.041451884327378e-05
gmm,codipack,objective,prepare,20,3,0.0013036666666666667,0.001466,0.000978,0.001467,0.0002820360497052343
gmm,codipack,objective,prepare,22,3,0.001467,0.001467,0.001467,0.001467,0.0
gmm,codipack,objective,prepare,24,3,0.0013966666666666667,0.001397,0.001327,0.001466,6.950059951779794e-05
gmm,codipack,objective,prepare,26,3,0.0017230000000000001,0.001886,0.001397,0.001886,0.00028232428163372706
gmm,codipack,objective,prepare,28,3,0.0014203333333333333,0.001397,0.001397,0.001467,4.041451884327378e-05
gmm,codipack,objective,prepare,30,3,0.0014666666666666667,0.001467,0.001466,0.001467,5.773502691895772e-07
gmm,codipack,objective,prepare,32,3,0.0016996666666666668,0.001397,0.001397,0.002305,0.0005242340444241803
gmm,codipack,objective,prepare,34,3,0.001397,0.001397,0.001397,0.001397,0.0
gmm,codipack,objective,prepare,36,3,0.0013036666666666667,0.001466,0.000978,0.001467,0.0002820360497052343
gmm,codipack,objective,prepare,38,3,0.001559,0.001396,0.001396,0.001885,0.0002823242816337269
gmm,codipack,objective,prepare,40,3,0.0014666666666666667,0.001467,0.001466,0.001467,5.773502691895772e-07
gmm,codipack,objective,prepare,42,3,0.00142,0.001397,0.001397,0.001466,3.983716857408421e-05
gmm,codipack,objective,prepare,44,3,0.0015826666666666667,0.001466,0.001397,0.001885,0.0002640915245390001
gmm,codipack,objective,prepare,46,3,0.001467,0.001467,0.000978,0.001956,0.000489
gmm,codipack,objective,prepare,48,3,0.0015826666666666667,0.001466,0.001466,0.001816,0.00020207259421636893
gmm,enzyme,jacobian,evaluate,1,3,0.6331543333333333,0.635774,0.602563,0.661126,0.029369256584621514
gmm,enzyme,jacobian,evaluate,3,3,1.17258,1.246333,1.019068,1.252339,0.13297920370118024
gmm,enzyme,jacobian,evaluate,5,3,3.114635,3.075989,3.042185,3.225731,0.09768530348010404
gmm,enzyme,jacobian,evaluate,7,3,2.6164508333333334,2.787191,2.2404675,2.821694,0.3260678065381239
gmm,enzyme,jacobian,evaluate,9,3,5.814267,6.0711,5.173628,6.198073,0.5584301943152788
gmm,enzyme,jacobian,evaluate,11,3,5.808063,5.919158,5.479118,6.025913,0.28983230888739814
gmm,enzyme,jacobian,evaluate,13,3,5.7497915,5.641571,5.5093945,6.098409,0.3090603141261428
gmm,enzyme,jacobian,evaluate,15,3,10.369908666666667,10.220493,9.706455,11.182778,0.7494172276951832
gmm,enzyme,jacobian,evaluate,17,3,11.955803166666666,12.117336,11.062126,12.6879475,0.8248597030095991
gmm,enzyme,jacobian,evaluate,19,3,13.578633,13.733205,11.96117,15.041524,1.5459833662484868
gmm,enzyme,jacobian,evaluate,21,3,18.5673655,19.12729,16.9424525,19.632354,1.4296954585507873
gmm,enzyme,jacobian,evaluate,23,3,23.718784333333332,24.591218,21.825712,24.739423,1.6411225807142908
gmm,enzyme,jacobian,evaluate,25,3,27.43183816666667,27.071383,26.06342,29.1607115,1.5797941651922838
gmm,enzyme,jacobian,evaluate,27,3,40.74578066666667,38.882112,38.4275455,44.9276845,3.628759764598171
gmm,enzyme,jacobian,evaluate,29,3,34.2175755,34.545124,33.041177,35.0664255,1.0516053853881
gmm,enzyme,jacobian,evaluate,31,3,57.62715633333333,60.004898,50.186696,62.689875,6.581991556631044
gmm,enzyme,jacobian,evaluate,33,3,57.20347066666667,57.851316,55.383477,58.375619,1.5978129173912488
gmm,enzyme,jacobian,evaluate,35,3,77.94209000000001,77.963346,76.932545,78.930379,0.9990866008715148
gmm,enzyme,jacobian,evaluate,37,3,70.621513,70.050018,67.664977,74.149544,3.279841032068634
gmm,enzyme,jacobian,evaluate,39,3,120.59751849999999,120.075482,118.124129,123.5929445,2.771529780420782
gmm,enzyme,jacobian,evaluate,41,3,136.4962035,135.770101,129.1635195,144.55499,7.721383274289149
gmm,enzyme,jacobian,evaluate,43,3,161.162374,167.738117,139.835405,175.9136,18.916641763696926
gmm,enzyme,jacobian,evaluate,45,3,278.67480083333334,281.357569,269.117308,285.5495255,8.538288866563775
gmm,enzyme,jacobian,evaluate,47,3,364.8814433333333,356.425672,347.108384,391.110274,23.187639649697882
gmm,enzyme,jacobian,evaluate,49,3,789.2489921666667,812.0896325,735.9508375,819.7065065,46.31440554014387
gmm,enzyme,jacobian,prepare,1,3,0.00128,0.001466,0.000908,0.001466,0.00032216145020781125
gmm,enzyme,jacobian,prepare,3,3,0.0016296666666666666,0.001467,0.001466,0.001956,0.00028261339906899896
gmm,enzyme,jacobian,prepare,5,3,0.00156,0.001397,0.001397,0.001886,0.00028232428163372706
gmm,enzyme,jacobian,prepare,7,3,0.001397,0.001397,0.001397,0.001397,0.0
gmm,enzyme,jacobian,prepare,9,3,0.0014203333333333333,0.001397,0.001397,0.001467,4.041451884327378e-05
gmm,enzyme,jacobian,prepare,11,3,0.001257,0.001396,0.000908,0.001467,0.0003043205546787795
gmm,enzyme,jacobian,prepare,13,3,0.001583,0.001467,0.001397,0.001885,0.00026387118069239767
gmm,enzyme,jacobian,prepare,15,3,0.00142,0.001397,0.001397,0.001466,3.983716857408421e-05
gmm,enzyme,jacobian,prepare,17,3,0.0013033333333333334,0.001466,0.000977,0.001467,0.0002826133990689991
gmm,enzyme,jacobian,prepare,19,3,0.004889333333333333,0.001397,0.001397,0.011874,0.006048898770299709
gmm,enzyme,jacobian,prepare,21,3,0.00142,0.001397,0.001396,0.001467,4.07062648740952e-05
gmm,enzyme,jacobian,prepare,23,3,0.0015593333333333334,0.001397,0.001396,0.001885,0.0002820360497052341
gmm,enzyme,jacobian,prepare,25,3,0.00142,0.001397,0.001397,0.001466,3.983716857408421e-05
gmm,enzyme,jacobian,prepare,27,3,0.00156,0.001397,0.001397,0.001886,0.00028232428163372706
gmm,enzyme,jacobian,prepare,29,3,0.001606,0.001467,0.001466,0.001885,0.00024162160499425537
gmm,enzyme,jacobian,prepare,31,3,0.001606,0.001467,0.001466,0.001885,0.00024162160499425537
gmm,enzyme,jacobian,prepare,33,3,0.0014203333333333333,0.001397,0.001397,0.001467,4.041451884327378e-05
gmm,enzyme,jacobian,prepare,35,3,0.0015833333333333333,0.001397,0.001397,0.001956,0.0003227388004770007
gmm,enzyme,jacobian,prepare,37,3,0.0014196666666666667,0.001397,0.001396,0.001466,4.012895878705718e-05
gmm,enzyme,jacobian,prepare,39,3,0.0015833333333333333,0.001467,0.001397,0.001886,0.0002644434407077123
gmm,enzyme,jacobian,prepare,41,3,0.0013966666666666667,0.001397,0.001396,0.001397,5.773502691895772e-07
gmm,enzyme,jacobian,prepare,43,3,0.00142,0.001397,0.001396,0.001467,4.07062648740952e-05
gmm,enzyme,jacobian,prepare,45,3,0.0016293333333333333,0.001467,0.001466,0.001955,0.0002820360497052343
gmm,enzyme,jacobian,prepare,47,3,0.0017693333333333335,0.001886,0.001467,0.001955,0.0002640915245390003
gmm,enzyme,jacobian,prepare,49,3,0.001583,0.001466,0.001397,0.001886,0.00026466393785327084
gmm,enzyme,objective,evaluate,0,3,0.10113166666666666,0.097779,0.096243,0.109373,0.007178405486828765
gmm,enzyme,objective,evaluate,2,3,0.17162566666666668,0.170834,0.15498,0.189063,0.017055285817990075
gmm,enzyme,objective,evaluate,4,3,0.41769116666666667,0.434628,0.3780205,0.440425,0.03447785735197787
gmm,enzyme,objective,evaluate,6,3,0.36115366666666665,0.373446,0.333147,0.376868,0.024314760009782787
gmm,enzyme,objective,evaluate,8,3,0.7986800000000001,0.8317155,0.687037,0.8772875,0.09933439174198432
gmm,enzyme,objective,evaluate,10,3,0.6737091666666667,0.636681,0.6312685,0.753178,0.06887521609826958
gmm,enzyme,objective,evaluate,12,3,0.8212858333333333,0.79641,0.7946295,0.872818,0.04463704398908304
gmm,enzyme,objective,evaluate,14,3,1.695733,1.64831,1.626415,1.812474,0.10169165927941189
gmm,enzyme,objective,evaluate,16,3,1.616311,1.709597,1.37652,1.762816,0.20936298204553735
gmm,enzyme,objective,evaluate,18,3,1.4904201666666665,1.494273,1.4701775,1.50681,0.01861768668721586
gmm,enzyme,objective,evaluate,20,3,1.6247613333333333,1.56195,1.55755,1.754784,0.11262442179799781
gmm,enzyme,objective,evaluate,22,3,2.9872776666666665,3.0455375,2.5783985,3.337897,0.38308634667732977
gmm,enzyme,objective,evaluate,24,3,3.8769270000000002,3.854624,3.73034,4.045817,0.1589166518619118
gmm,enzyme,objective,evaluate,26,3,3.411312666666667,3.401802,3.188575,3.643561,0.22764205374739815
gmm,enzyme,objective,evaluate,28,3,4.370070833333333,4.311811,4.275947,4.5224545,0.13318086583320954
gmm,enzyme,objective,evaluate,30,3,7.186700833333333,7.407949,6.6795305,7.472623,0.44041116224396853
gmm,enzyme,objective,evaluate,32,3,6.615892166666667,6.688155,6.3367795,6.822742,0.25091099151408935
gmm,enzyme,objective,evaluate,34,3,6.270732333333333,6.07983,5.651349,7.081018,0.7337037127099287
gmm,enzyme,objective,evaluate,36,3,8.244367666666667,8.51177,7.467595,8.753738,0.6834975932776453
gmm,enzyme,objective,evaluate,38,3,14.287135333333334,13.853229,13.505869,15.502308,1.066605925241526
gmm,enzyme,objective,evaluate,40,3,19.091228333333333,18.831753,18.7255235,19.7164085,0.5440210081077597
gmm,enzyme,objective,evaluate,42,3,16.613053999999998,17.3134895,15.090937,17.4347355,1.3195852641628536
gmm,enzyme,objective,evaluate,44,3,29.636639,30.594781,27.191581,31.123555,2.133924073928593
gmm,enzyme,objective,evaluate,46,3,35.81131533333333,37.158198,32.271901,38.003847,3.094248038708974
gmm,enzyme,objective,evaluate,48,3,76.6020855,76.246658,75.5343035,78.025295,1.2829677291675183
gmm,enzyme,objective,prepare,0,3,0.0012803333333333334,0.001396,0.000978,0.001467,0.00026422402111339795
gmm,enzyme,objective,prepare,2,3,0.0014436666666666667,0.001467,0.001397,0.001467,4.041451884327378e-05
gmm,enzyme,objective,prepare,4,3,0.0014203333333333333,0.001397,0.001397,0.001467,4.041451884327378e-05
gmm,enzyme,objective,prepare,6,3,0.0014203333333333333,0.001397,0.001397,0.001467,4.041451884327378e-05
gmm,enzyme,objective,prepare,8,3,0.0016063333333333333,0.001467,0.001397,0.001955,0.00030397587623581806
gmm,enzyme,objective,prepare,10,3,0.0017456666666666666,0.001885,0.001467,0.001885,0.00024133241252126354
gmm,enzyme,objective,prepare,12,3,0.0015596666666666667,0.001397,0.001396,0.001886,0.0002826133990689991
gmm,enzyme,objective,prepare,14,3,0.001397,0.001397,0.001397,0.001397,0.0
gmm,enzyme,objective,prepare,16,3,0.001397,0.001397,0.001397,0.001397,0.0
gmm,enzyme,objective,prepare,18,3,0.0018856666666666668,0.001886,0.001396,0.002375,0.0004895000851208642
gmm,enzyme,objective,prepare,20,3,0.0014203333333333333,0.001397,0.001397,0.001467,4.041451884327378e-05
gmm,enzyme,objective,prepare,22,3,0.0016296666666666666,0.001467,0.001466,0.001956,0.00028261339906899896
gmm,enzyme,objective,prepare,24,3,0.0015833333333333333,0.001467,0.001397,0.001886,0.0002644434407077123
gmm,enzyme,objective,prepare,26,3,0.0015833333333333333,0.001467,0.001397,0.001886,0.0002644434407077123
gmm,enzyme,objective,prepare,28,3,0.0017463333333333332,0.001467,0.001397,0.002375,0.0005455651504021617
gmm,enzyme,objective,prepare,30,3,0.0014436666666666667,0.001467,0.001397,0.001467,4.041451884327378e-05
gmm,enzyme,objective,prepare,32,3,0.0013963333333333334,0.001396,0.001396,0.001397,5.773502691895772e-07
gmm,enzyme,objective,prepare,34,3,0.0014436666666666667,0.001467,0.001397,0.001467,4.041451884327378e-05
gmm,enzyme,objective,prepare,36,3,0.0014436666666666667,0.001467,0.001397,0.001467,4.041451884327378e-05
gmm,enzyme,objective,prepare,38,3,0.0014663333333333334,0.001466,0.001466,0.001467,5.773502691895772e-07
gmm,enzyme,objective,prepare,40,3,0.0015833333333333333,0.001467,0.001397,0.001886,0.0002644434407077123
gmm,enzyme,objective,prepare,42,3,0.00142,0.001397,0.001397,0.001466,3.983716857408421e-05
gmm,enzyme,objective,prepare,44,3,0.001397,0.001397,0.001397,0.001397,0.0
gmm,enzyme,objective,prepare,46,3,0.0015833333333333333,0.001467,0.001397,0.001886,0.0002644434407077123
gmm,enzyme,objective,prepare,48,3,0.0016066666666666666,0.001467,0.001467,0.001886,0.00024190976279045326
gmm,jax,jacobian,evaluate,1,3,0.32998316666666666,0.340902,0.249403,0.3996445,0.07571355738296368
gmm,jax,jacobian,evaluate,3,3,0.47398583333333333,0.468495,0.4458405,0.507622,0.03125460563794294
gmm,jax,jacobian,evaluate,5,3,1.0152758333333334,1.037303,0.942537,1.0659875,0.06460575470562466
gmm,jax,jacobian,evaluate,7,3,0.7866353333333334,0.809896,0.731051,0.818959,0.04835026449083119
gmm,jax,jacobian,evaluate,9,3,2.1698066666666667,2.223686,2.026159,2.259575,0.12569007194020274
gmm,jax,jacobian,evaluate,11,3,1.6762421666666667,1.7146735,1.593269,1.720784,0.0719217932380953
gmm,jax,jacobian,evaluate,13,3,1.4364836666666667,1.40712,1.290847,1.611484,0.1623227960957219
gmm,jax,jacobian,evaluate,15,3,2.9627511666666666,2.895154,2.7639855,3.229114,0.23981902152265439
gmm,jax,jacobian,evaluate,17,3,5.4964493333333335,5.3943355,5.121692,5.9733205,0.43490022042025117
gmm,jax,jacobian,evaluate,19,3,3.9879778333333333,3.7134665,3.52102,4.729447,0.6493006296613176
gmm,jax,jacobian,evaluate,21,3,6.778202333333334,6.690094,6.5041055,7.1404075,0.3271732990375032
gmm,jax,jacobian,evaluate,23,3,7.845876666666666,7.942782,7.6058175,7.9890305,0.20917942911190732
gmm,jax,jacobian,evaluate,25,3,10.063670166666666,10.0966935,9.790348,10.303969,0.25839802305471204
gmm,jax,jacobian,evaluate,27,3,10.066791666666667,14.986783,0.122644,15.090948,8.612041987772722
gmm,jax,jacobian,evaluate,29,3,12.072939833333333,12.010581,11.9565465,12.251692,0.1571438341570657
gmm,jax,jacobian,evaluate,31,3,0.05280116666666667,0.040649,0.0321615,0.085593,0.028713893224070704
gmm,jax,jacobian,evaluate,33,3,0.0729625,0.055385,0.0336635,0.129839,0.05043964789478611
gmm,jax,jacobian,evaluate,35,3,0.032186,0.031988,0.030941,0.033629,0.0013548944608344957
gmm,jax,jacobian,evaluate,37,3,0.0338275,0.033386,0.033036,0.0350605,0.001082054411755712
gmm,jax,jacobian,evaluate,39,3,0.030067333333333335,0.029963,0.0295085,0.0307305,0.0006176447873440963
gmm,jax,jacobian,evaluate,41,3,0.0372145,0.033315,0.030452,0.0478765,0.009343868323665528
gmm,jax,jacobian,evaluate,43,3,0.029799666666666665,0.0299275,0.029439,0.0300325,0.0003167279326698757
gmm,jax,jacobian,evaluate,45,3,0.02918266666666667,0.028636,0.028181,0.030731,0.0013600582095385967
gmm,jax,jacobian,evaluate,47,3,0.0306495,0.029369,0.0268895,0.03569,0.004537836516447017
gmm,jax,jacobian,evaluate,49,3,0.027541333333333334,0.0273435,0.0270985,0.028182,0.0005681959022496837
gmm,jax,objective,evaluate,0,3,0.16126649999999998,0.1519775,0.131231,0.200591,0.03560079410280057
gmm,jax,objective,evaluate,2,3,0.256765,0.225452,0.211899,0.332944,0.06632006470895517
gmm,jax,objective,evaluate,4,3,0.3758221666666667,0.384065,0.334271,0.4091305,0.0381043883441702
gmm,jax,objective,evaluate,6,3,0.263143,0.26645,0.235652,0.287327,0.02599574182438347
gmm,jax,objective,evaluate,8,3,0.8031063333333334,0.805077,0.742575,0.861667,0.05957045208266706
gmm,jax,objective,evaluate,10,3,0.471553,0.480936,0.443786,0.489937,0.02446444802156794
gmm,jax,objective,evaluate,12,3,0.3629945,0.366255,0.344887,0.3778415,0.016717443367632503
gmm,jax,objective,evaluate,14,3,0.7463121666666667,0.7003825,0.646052,0.892502,0.12948571865299793
gmm,jax,objective,evaluate,16,3,1.619251,1.643923,1.499784,1.714046,0.10924093485960286
gmm,jax,objective,evaluate,18,3,0.99516,0.856831,0.78071,1.347939,0.3078771975820879
gmm,jax,objective,evaluate,20,3,1.54111,1.543425,1.451208,1.628697,0.08876714312739822
gmm,jax,objective,evaluate,22,3,1.8964341666666666,1.9040505,1.820436,1.964816,0.07249070630145171
gmm,jax,objective,evaluate,24,3,3.0951058333333332,3.168984,2.8166835,3.29965,0.24981522704407633
gmm,jax,objective,evaluate,26,3,3.600452,3.6190765,3.4236935,3.758586,0.16822128473903056
gmm,jax,objective,evaluate,28,3,3.0937346666666667,2.9707405,2.854749,3.4557145,0.31880331996872835
gmm,jax,objective,evaluate,30,3,6.4313005,6.475158,6.1643195,6.654424,0.24797825602207513
gmm,jax,objective,evaluate,32,3,5.196588,5.048376,4.875218,5.66617,0.41578403562907507
gmm,jax,objective,evaluate,34,3,7.866665,7.348231,7.0245485,9.2272155,1.1893341992431101
gmm,jax,objective,evaluate,36,3,6.373458666666666,6.059283,5.854076,7.207017,0.7291379152906075
gmm,jax,objective,evaluate,38,3,10.395953333333333,10.15759,9.767551,11.262719,0.7755608590332123
gmm,jax,objective,evaluate,40,3,15.329575666666667,15.183763,15.033407,15.771557,0.3900799353277901
gmm,jax,objective,evaluate,42,3,12.226983166666667,12.4804895,11.620713,12.579747,0.5273856739323535
gmm,jax,objective,evaluate,44,3,0.028425833333333334,0.027972,0.027727,0.0295785,0.0010057268930148645
gmm,jax,objective,evaluate,46,3,0.026772999999999998,0.026715,0.025422,0.028182,0.0013809138278690666
gmm,jax,objective,evaluate,48,3,0.025073833333333333,0.0245145,0.020604,0.030103,0.00477413767955359
gmm,manual,jacobian,evaluate,1,3,0.186036,0.175307,0.169852,0.212949,0.02346638943254799
gmm,manual,jacobian,evaluate,3,3,0.3205405,0.31911,0.3180315,0.32448,0.0034540607623491366
gmm,manual,jacobian,evaluate,5,3,0.7396045,0.7519405,0.686699,0.780174,0.04794295128848457
gmm,manual,jacobian,evaluate,7,3,0.6967925,0.697246,0.651964,0.7411675,0.044603479121588706
gmm,manual,jacobian,evaluate,9,3,1.4013255,1.429045,1.319083,1.4558485,0.07247398504118566
gmm,manual,jacobian,evaluate,11,3,1.3753086666666667,1.37277,1.372752,1.380404,0.004412697285485727
gmm,manual,jacobian,evaluate,13,3,1.609234,1.494018,1.479997,1.853687,0.21181855210769432
gmm,manual,jacobian,evaluate,15,3,3.5717843333333334,3.691206,3.260565,3.763582,0.27194241380177037
gmm,manual,jacobian,evaluate,17,3,3.01915,2.9581085,2.876288,3.2230535,0.18126259001583847
gmm,manual,jacobian,evaluate,19,3,3.4813330000000002,3.3416885,3.1005495,4.001761,0.4665522282855908
gmm,manual,jacobian,evaluate,21,3,3.5659443333333334,3.493719,3.32985,3.874264,0.2793009576251635
gmm,manual,jacobian,evaluate,23,3,6.3751165,6.099065,5.8880375,7.138247,0.6692602419550631
gmm,manual,jacobian,evaluate,25,3,10.8554345,11.074918,10.260615,11.2307705,0.5209896146990364
gmm,manual,jacobian,evaluate,27,3,6.795692833333333,7.056448,6.23963,7.0910005,0.4818743350450231
gmm,manual,jacobian,evaluate,29,3,8.800864833333334,8.8215395,7.733825,9.84723,1.0568541786299483
gmm,manual,jacobian,evaluate,31,3,23.583411833333333,23.3409195,21.832859,25.576457,1.8835427776387474
gmm,manual,jacobian,evaluate,33,3,16.284305833333335,15.726365,15.3211545,17.805398,1.3327940283286774
gmm,manual,jacobian,evaluate,35,3,13.839943,13.718495,13.411785,14.389549,0.500067817852739
gmm,manual,jacobian,evaluate,37,3,17.306701333333333,17.587644,15.096505,19.235955,2.0839765262810266
gmm,manual,jacobian,evaluate,39,3,35.675324833333335,36.6474385,31.727404,38.651132,3.562759617232978
gmm,manual,jacobian,evaluate,41,3,55.3185985,56.4720565,49.900587,59.583152,4.94326463616194
gmm,manual,jacobian,evaluate,43,3,35.643185833333334,34.4054505,33.696397,38.82771,2.780572754403056
gmm,manual,jacobian,evaluate,45,3,70.19387266666666,68.94448,62.435674,79.201464,8.452435454214681
gmm,manual,jacobian,evaluate,47,3,138.744582,140.578789,111.790248,163.864709,26.08563989246319
gmm,manual,jacobian,evaluate,49,3,427.19863033333337,434.515534,387.38411,459.696247,36.70713961652627
gmm,manual,jacobian,prepare,1,3,0.00142,0.001397,0.001397,0.001466,3.983716857408421e-05
gmm,manual,jacobian,prepare,3,3,0.00142,0.001397,0.001397,0.001466,3.983716857408421e-05
gmm,manual,jacobian,prepare,5,3,0.00142,0.001397,0.001397,0.001466,3.983716857408421e-05
gmm,manual,jacobian,prepare,7,3,0.0016063333333333333,0.001467,0.001396,0.001956,0.0003048939706411612
gmm,manual,jacobian,prepare,9,3,0.001606,0.001466,0.001397,0.001955,0.0003042055226323152
gmm,manual,jacobian,prepare,11,3,0.0016063333333333333,0.001466,0.001397,0.001956,0.0003047791550177493
gmm,manual,jacobian,prepare,13,3,0.0014666666666666667,0.001467,0.001466,0.001467,5.773502691895772e-07
gmm,manual,jacobian,prepare,15,3,0.0015833333333333333,0.001467,0.001397,0.001886,0.0002644434407077123
gmm,manual,jacobian,prepare,17,3,0.0014203333333333333,0.001397,0.001397,0.001467,4.041451884327378e-05
gmm,manual,jacobian,prepare,19,3,0.0016063333333333333,0.001467,0.001466,0.001886,0.0002421989540302215
gmm,manual,jacobian,prepare,21,3,0.0016063333333333333,0.001467,0.001396,0.001956,0.0003048939706411612
gmm,manual,jacobian,prepare,23,3,0.0015833333333333333,0.001467,0.001397,0.001886,0.0002644434407077123
gmm,manual,jacobian,prepare,25,3,0.0016063333333333333,0.001467,0.001397,0.001955,0.00030397587623581806
gmm,manual,jacobian,prepare,27,3,0.0014433333333333334,0.001466,0.001397,0.001467,4.012895878705718e-05
gmm,manual,jacobian,prepare,29,3,0.0015826666666666667,0.001466,0.001396,0.001886,0.0002650157228040128
gmm,manual,jacobian,prepare,31,3,0.0016066666666666666,0.001467,0.001397,0.001956,0.0003045493939139155
gmm,manual,jacobian,prepare,33,3,0.0015833333333333333,0.001467,0.001397,0.001886,0.0002644434407077123
gmm,manual,jacobian,prepare,35,3,0.0014203333333333333,0.001397,0.001397,0.001467,4.041451884327378e-05
gmm,manual,jacobian,prepare,37,3,0.0015596666666666667,0.001397,0.001396,0.001886,0.0002826133990689991
gmm,manual,jacobian,prepare,39,3,0.0014203333333333333,0.001397,0.001397,0.001467,4.041451884327378e-05
gmm,manual,jacobian,prepare,41,3,0.0018856666666666666,0.001816,0.001467,0.002374,0.00045749571946995663
gmm,manual,jacobian,prepare,43,3,0.0015593333333333334,0.001397,0.001396,0.001885,0.0002820360497052341
gmm,manual,jacobian,prepare,45,3,0.001583,0.001467,0.001397,0.001885,0.00026387118069239767
gmm,manual,jacobian,prepare,47,3,0.001583,0.001466,0.001397,0.001886,0.00026466393785327084
gmm,manual,jacobian,prepare,49,3,0.0027006666666666663,0.001467,0.001397,0.005238,0.002197673845986554
gmm,manual,objective,evaluate,0,3,0.08711666666666666,0.088698,0.081857,0.090795,0.004674122627117664
gmm,manual,objective,evaluate,2,3,0.14591183333333332,0.1469135,0.139541,0.151281,0.0059337510971840856
gmm,manual,objective,evaluate,4,3,0.3607576666666667,0.344175,0.333432,0.404666,0.03840324614317563
gmm,manual,objective,evaluate,6,3,0.4010451666666667,0.381959,0.364512,0.4566645,0.04895132411470942
gmm,manual,objective,evaluate,8,3,0.5979185,0.585894,0.5668485,0.641013,0.03851668099992525
gmm,manual,objective,evaluate,10,3,0.723006,0.701062,0.684743,0.783213,0.0527753690370802
gmm,manual,objective,evaluate,12,3,0.7560998333333333,0.724738,0.704091,0.8394705,0.07293542141911112
gmm,manual,objective,evaluate,14,3,1.553988,1.543831,1.427667,1.690466,0.13169359167021
gmm,manual,objective,evaluate,16,3,1.3342183333333333,1.315312,1.2547005,1.4326425,0.09046505359023084
gmm,manual,objective,evaluate,18,3,1.4388891666666666,1.452601,1.3682515,1.495815,0.06487774975354287
gmm,manual,objective,evaluate,20,3,1.6584966666666667,1.582455,1.568402,1.824633,0.14404975752264673
gmm,manual,objective,evaluate,22,3,2.497068666666667,2.368863,2.278499,2.843844,0.303696002575492
gmm,manual,objective,evaluate,24,3,2.8761723333333333,2.913794,2.717221,2.997502,0.14387808065279903
gmm,manual,objective,evaluate,26,3,3.2592331666666667,3.2319305,3.147101,3.398668,0.12798658358430892
gmm,manual,objective,evaluate,28,3,3.6235918333333332,3.686193,3.4443795,3.740203,0.15753433066821756
gmm,manual,objective,evaluate,30,3,5.705614333333333,5.2704145,5.137186,6.7092425,0.8717164567668111
gmm,manual,objective,evaluate,32,3,6.3120155,6.4221215,5.686891,6.827034,0.577991361128564
gmm,manual,objective,evaluate,34,3,7.175913166666667,6.9060775,6.670024,7.951638,0.6820865608579921
gmm,manual,objective,evaluate,36,3,7.136738333333334,7.363442,6.6800995,7.3666735,0.39546413077431364
gmm,manual,objective,evaluate,38,3,12.619182333333333,12.307591,11.829883,13.720073,0.982863891025269
gmm,manual,objective,evaluate,40,3,15.856963499999999,15.671107,15.1995265,16.700257,0.7674340280126697
gmm,manual,objective,evaluate,42,3,14.811849,15.476571,13.2647275,15.6942485,1.3442598615309658
gmm,manual,objective,evaluate,44,3,26.870576833333335,25.0889825,25.06079,30.461958,3.1102592685305317
gmm,manual,objective,evaluate,46,3,30.28821,30.270817,26.916078,33.677735,3.380862054824035
gmm,manual,objective,evaluate,48,3,65.1516835,68.839303,55.6226355,70.993112,8.32236685936448
gmm,manual,objective,prepare,0,3,0.0014436666666666667,0.001467,0.001397,0.001467,4.041451884327378e-05
gmm,manual,objective,prepare,2,3,0.0015833333333333333,0.001397,0.001397,0.001956,0.0003227388004770007
gmm,manual,objective,prepare,4,3,0.0013966666666666667,0.001397,0.001396,0.001397,5.773502691895772e-07
gmm,manual,objective,prepare,6,3,0.001583,0.001467,0.001396,0.001886,0.0002647961480082367
gmm,manual,objective,prepare,8,3,0.0016063333333333333,0.001467,0.001397,0.001955,0.00030397587623581806
gmm,manual,objective,prepare,10,3,0.0015366666666666666,0.001397,0.001327,0.001886,0.00030454939391391563
gmm,manual,objective,prepare,12,3,0.001397,0.001397,0.001397,0.001397,0.0
gmm,manual,objective,prepare,14,3,0.0014433333333333334,0.001466,0.001397,0.001467,4.012895878705718e-05
gmm,manual,objective,prepare,16,3,0.0014436666666666667,0.001467,0.001397,0.001467,4.041451884327378e-05
gmm,manual,objective,prepare,18,3,0.0016063333333333333,0.001466,0.001397,0.001956,0.0003047791550177493
gmm,manual,objective,prepare,20,3,0.0014436666666666667,0.001467,0.001397,0.001467,4.041451884327378e-05
gmm,manual,objective,prepare,22,3,0.001443,0.001396,0.000977,0.001956,0.0004911893728492097
gmm,manual,objective,prepare,24,3,0.0014203333333333333,0.001397,0.000908,0.001956,0.0005243894862917574
gmm,manual,objective,prepare,26,3,0.00156,0.001397,0.001397,0.001886,0.00028232428163372706
gmm,manual,objective,prepare,28,3,0.00142,0.001397,0.001397,0.001466,3.983716857408421e-05
gmm,manual,objective,prepare,30,3,0.0016066666666666666,0.001467,0.001397,0.001956,0.0003045493939139155
gmm,manual,objective,prepare,32,3,0.001583,0.001397,0.001396,0.001956,0.0003230278625753511
gmm,manual,objective,prepare,34,3,0.0017226666666666666,0.001885,0.001397,0.001886,0.00028203604970523417
gmm,manual,objective,prepare,36,3,0.0017463333333333332,0.001467,0.001397,0.002375,0.0005455651504021617
gmm,manual,objective,prepare,38,3,0.0016293333333333333,0.001467,0.001466,0.001955,0.0002820360497052343
gmm,manual,objective,prepare,40,3,0.0014203333333333333,0.001397,0.000978,0.001886,0.00045444948380797334
gmm,manual,objective,prepare,42,3,0.001443,0.001466,0.000978,0.001885,0.000453937220328979
gmm,manual,objective,prepare,44,3,0.0014436666666666667,0.001467,0.001397,0.001467,4.041451884327378e-05
gmm,manual,objective,prepare,46,3,0.0015833333333333333,0.001467,0.001397,0.001886,0.0002644434407077123
gmm,manual,objective,prepare,48,3,0.0017456666666666666,0.001466,0.001397,0.002374,0.0005452452047779358
gmm,pytorch,jacobian,evaluate,1,3,2.1416619999999997,2.1643505,2.0661315,2.194504,0.0671263786692682
gmm,pytorch,jacobian,evaluate,3,3,2.0251383333333335,1.937027,1.743996,2.394392,0.33403060413730545
gmm,pytorch,jacobian,evaluate,5,3,2.1895266666666666,2.0558485,2.0279635,2.484768,0.2560663527048864
gmm,pytorch,jacobian,evaluate,7,3,2.019692,1.893741,1.793361,2.371974,0.3091860147920665
gmm,pytorch,jacobian,evaluate,9,3,4.157737333333333,4.1929645,3.9572735,4.322974,0.18537780039309837
gmm,pytorch,jacobian,evaluate,11,3,3.7005088333333336,3.709118,3.3730015,4.019407,0.3232887346020325
gmm,pytorch,jacobian,evaluate,13,3,4.099247166666666,3.9375535,3.605719,4.754469,0.5911981664425926
gmm,pytorch,jacobian,evaluate,15,3,8.233272166666666,7.349966,6.695566,10.6542845,2.122035668553684
gmm,pytorch,jacobian,evaluate,17,3,8.433393666666667,8.55132,7.734072,9.014789,0.6484512114202066
gmm,pytorch,jacobian,evaluate,19,3,8.014918999999999,7.930634,7.112534,9.001589,0.9473437439361697
gmm,pytorch,jacobian,evaluate,21,3,9.505075999999999,9.471212,8.138712,10.905304,1.3836068449845134
gmm,pytorch,jacobian,evaluate,23,3,11.6809435,11.7354255,11.443822,11.863583,0.21511866614324718
gmm,pytorch,jacobian,evaluate,25,3,13.801646999999999,13.7868,11.544824,16.073317,2.2642830074482734
gmm,pytorch,jacobian,evaluate,27,3,18.536242166666668,18.596379,17.759502,19.2528455,0.7484858257112034
gmm,pytorch,jacobian,evaluate,29,3,18.154679666666667,18.525264,17.343384,18.595391,0.7034770380732641
gmm,pytorch,jacobian,evaluate,31,3,26.402065333333333,26.150259,25.353551,27.702386,1.1944920621068753
gmm,pytorch,jacobian,evaluate,33,3,31.075243,30.604712,27.683122,34.937895,3.650203061043726
gmm,pytorch,jacobian,evaluate,35,3,38.2305305,37.702626,37.168225,39.8207405,1.4028442501843348
gmm,pytorch,jacobian,evaluate,37,3,38.696122333333335,37.29516,37.219144,41.574063,2.4926595172033297
gmm,pytorch,jacobian,evaluate,39,3,64.56575916666667,57.963268,57.6308315,78.103178,11.724926865803859
gmm,pytorch,jacobian,evaluate,41,3,69.23765433333332,69.426407,58.506222,79.780334,10.63831194428967
gmm,pytorch,jacobian,evaluate,43,3,73.7229435,73.474622,72.2941155,75.400093,1.567807938858661
gmm,pytorch,jacobian,evaluate,45,3,112.622737,114.225272,97.200367,126.442572,14.686821546378747
gmm,pytorch,jacobian,evaluate,47,3,128.24420133333334,126.499383,119.256516,138.976705,9.975207106179921
gmm,pytorch,jacobian,evaluate,49,3,299.8843018333333,290.7438635,262.729785,346.179257,42.46898049122205
gmm,pytorch,objective,evaluate,0,3,1.1891795,1.2013005,1.141944,1.224294,0.04249199460780816
gmm,pytorch,objective,evaluate,2,3,1.6048725,1.631394,1.4973085,1.685915,0.09706000943874883
gmm,pytorch,objective,evaluate,4,3,1.0929821666666666,1.0402075,1.027889,1.21085,0.10226219223927938
gmm,pytorch,objective,evaluate,6,3,0.8961191666666667,0.929619,0.820237,0.9385015,0.06586578865453091
gmm,pytorch,objective,evaluate,8,3,1.7568163333333333,1.8020365,1.603876,1.8645365,0.1360868166652572
gmm,pytorch,objective,evaluate,10,3,1.2868076666666668,1.2007425,1.1135185,1.546162,0.22880233654419554
gmm,pytorch,objective,evaluate,12,3,1.5826751666666667,1.569108,1.5194365,1.659481,0.07100117255076376
gmm,pytorch,objective,evaluate,14,3,2.4283356666666664,2.348529,2.111115,2.825363,0.36375043561394305
gmm,pytorch,objective,evaluate,16,3,3.147169,3.066694,2.7921065,3.5827065,0.4013966357840459
gmm,pytorch,objective,evaluate,18,3,2.688778,2.589603,2.3090325,3.1676985,0.4378396799717337
gmm,pytorch,objective,evaluate,20,3,3.5760963333333335,3.558996,3.204499,3.964794,0.3804358524197387
gmm,pytorch,objective,evaluate,22,3,4.014992333333334,4.030516,3.878142,4.136319,0.12978666727492996
gmm,pytorch,objective,evaluate,24,3,4.6482806666666665,4.495072,4.468773,4.980997,0.2884406840241741
gmm,pytorch,objective,evaluate,26,3,5.969697833333333,5.814664,5.629671,6.4647585,0.43859936191538573
gmm,pytorch,objective,evaluate,28,3,5.962679333333334,5.990096,5.6643955,6.2335465,0.2855643017055585
gmm,pytorch,objective,evaluate,30,3,8.657759666666667,7.6991235,7.6842415,10.589914,1.6733112813655098
gmm,pytorch,objective,evaluate,32,3,9.5980535,9.310022,9.2089655,10.275173,0.5885755830887401
gmm,pytorch,objective,evaluate,34,3,12.037737666666667,11.464894,11.444594,13.203725,1.009825662488498
gmm,pytorch,objective,evaluate,36,3,11.996217833333333,11.5408495,11.337525,13.110279,0.9701465999430622
gmm,pytorch,objective,evaluate,38,3,19.20091,18.801852,18.378263,20.422615,1.079017720196939
gmm,pytorch,objective,evaluate,40,3,23.012248500000002,22.4944875,19.770529,26.771729,3.5292007168537114
gmm,pytorch,objective,evaluate,42,3,23.195441833333334,23.408085,22.581952,23.5962885,0.5395669291715186
gmm,pytorch,objective,evaluate,44,3,38.10603383333333,37.933657,35.4233905,40.961054,2.7728531496115307
gmm,pytorch,objective,evaluate,46,3,38.93495266666667,37.933104,37.322619,41.549135,2.2844331764663917
gmm,pytorch,objective,evaluate,48,3,106.580857,101.721099,98.274373,119.747099,11.531800654351086
kmeans,codipack,cost,evaluate,0,3,0.029589999999999998,0.03101,0.026261,0.031499,0.00289334771501802
kmeans,codipack,cost,evaluate,2,3,0.05638566666666667,0.058178,0.050915,0.060064,0.004830672244453491
kmeans,codipack,cost,evaluate,4,3,0.2681705,0.2660985,0.26114,0.277273,0.008263674137452421
kmeans,codipack,cost,evaluate,6,3,0.286725,0.298295,0.25667,0.30521,0.026257029058901524
kmeans,codipack,cost,evaluate,8,3,0.5553376666666666,0.575569,0.514806,0.575638,0.035101469945478546
kmeans,codipack,cost,evaluate,10,3,0.5790956666666667,0.577804,0.57047,0.589013,0.009338737298657307
kmeans,codipack,cost,evaluate,12,3,2.6697130000000002,2.593376,2.510473,2.90529,0.20818409893409234
kmeans,codipack,cost,evaluate,14,3,2.8812998333333333,2.8966305,2.564566,3.182703,0.3093535351302508
kmeans,codipack,cost,evaluate,16,3,5.209171333333334,5.173064,4.647292,5.807158,0.5807754205623146
kmeans,codipack,cost,evaluate,18,3,5.367770999999999,5.599238,4.883499,5.620576,0.41952753789113784
kmeans,codipack,cost,evaluate,20,3,28.205047999999998,28.576969,26.5357675,29.5024075,1.5178873953889833
kmeans,codipack,cost,evaluate,22,3,54.09674116666667,57.694264,46.398503,58.1974565,6.671615533441401
kmeans,codipack,cost,prepare,0,3,0.001397,0.001397,0.001397,0.001397,0.0
kmeans,codipack,cost,prepare,2,3,0.0015833333333333333,0.001467,0.001397,0.001886,0.0002644434407077123
kmeans,codipack,cost,prepare,4,3,0.0015593333333333334,0.001397,0.001396,0.001885,0.0002820360497052341
kmeans,codipack,cost,prepare,6,3,0.0014203333333333333,0.001397,0.001397,0.001467,4.041451884327378e-05
kmeans,codipack,cost,prepare,8,3,0.0017226666666666666,0.001885,0.001397,0.001886,0.00028203604970523417
kmeans,codipack,cost,prepare,10,3,0.0014436666666666667,0.001467,0.001397,0.001467,4.041451884327378e-05
kmeans,codipack,cost,prepare,12,3,0.0014203333333333333,0.001397,0.001397,0.001467,4.041451884327378e-05
kmeans,codipack,cost,prepare,14,3,0.001397,0.001397,0.001397,0.001397,0.0
kmeans,codipack,cost,prepare,16,3,0.001839,0.001816,0.001815,0.001886,4.070626487409532e-05
kmeans,codipack,cost,prepare,18,3,0.0012803333333333334,0.001397,0.000978,0.001466,0.0002640915245390003
kmeans,codipack,cost,prepare,20,3,0.00142,0.001397,0.001397,0.001466,3.983716857408421e-05
kmeans,codipack,cost,prepare,22,3,0.00142,0.001397,0.001397,0.001466,3.983716857408421e-05
kmeans,codipack,dir,evaluate,1,3,1.1200925,1.109092,1.10801,1.1431755,0.019997783570936026
kmeans,codipack,dir,evaluate,3,3,2.6908055,2.641567,2.6033625,2.827487,0.11990108542773922
kmeans,codipack,dir,evaluate,5,3,14.0306675,14.0380125,13.848005,14.205985,0.1791029923500719
kmeans,codipack,dir,evaluate,7,3,11.110593833333335,10.8716155,10.69373,11.766436,0.5748978374120773
kmeans,codipack,dir,evaluate,9,3,26.664203333333333,26.270643,25.845965,27.876002,1.0707146479442287
kmeans,codipack,dir,evaluate,11,3,22.535162166666666,22.330642,20.83536,24.4394845,1.8107456273052487
kmeans,codipack,dir,evaluate,13,3,121.38645966666667,114.004564,111.02816,139.126655,15.435369870573894
kmeans,codipack,dir,evaluate,15,3,111.41128933333333,111.409302,107.071117,115.753449,4.341166341166431
kmeans,codipack,dir,evaluate,17,3,453.12684633333333,533.8771685,217.903721,607.5996495,207.01736659006326
kmeans,codipack,dir,evaluate,19,3,444.00673016666667,532.715314,214.537824,584.7670525,200.42287804343331
kmeans,codipack,dir,evaluate,21,3,4153.260339333334,4261.803659,3798.63435,4399.343009,314.72045124616517
kmeans,codipack,dir,evaluate,23,3,10910.017508,11214.938781,10175.992974,11339.120769,638.7090917791489
kmeans,codipack,dir,prepare,1,3,0.007752666666666666,0.008032,0.007194,0.008032,0.000483819525580906
kmeans,codipack,dir,prepare,3,3,0.0017226666666666666,0.001816,0.001466,0.001886,0.00022501851775650226
kmeans,codipack,dir,prepare,5,3,0.068096,0.07082,0.061321,0.072147,0.005904718536899112
kmeans,codipack,dir,prepare,7,3,0.009219333333333333,0.009568,0.008521,0.009569,0.0006047746136647376
kmeans,codipack,dir,prepare,9,3,0.002212,0.002305,0.001956,0.002375,0.000224448212289606
kmeans,codipack,dir,prepare,11,3,0.003679,0.003772,0.003423,0.003842,0.000224448212289606
kmeans,codipack,dir,prepare,13,3,0.07212333333333333,0.072007,0.063626,0.080737,0.008556093169977366
kmeans,codipack,dir,prepare,15,3,0.11563533333333333,0.115589,0.11503,0.116287,0.000629779591074003
kmeans,codipack,dir,prepare,17,3,0.005703666666666667,0.005657,0.00419,0.007264,0.0015375312462949599
kmeans,codipack,dir,prepare,19,3,0.25378266666666666,0.199399,0.184103,0.377846,0.10771385664032895
kmeans,codipack,dir,prepare,21,3,0.102086,0.099036,0.091354,0.115868,0.012538378045026395
kmeans,codipack,dir,prepare,23,3,0.04265,0.040648,0.034222,0.05308,0.009587076926780133
kmeans,enzyme,cost,evaluate,0,3,0.05128766666666667,0.04882,0.048122,0.056921,0.0048910770115929815
kmeans,enzyme,cost,evaluate,2,3,0.116613,0.117055,0.111189,0.121595,0.005217061625091273
kmeans,enzyme,cost,evaluate,4,3,0.551357,0.542185,0.533035,0.578851,0.02424604404846282
kmeans,enzyme,cost,evaluate,6,3,0.5514033333333334,0.548261,0.525701,0.580248,0.027408930959330273
kmeans,enzyme,cost,evaluate,8,3,1.1294279999999999,1.142023,1.050844,1.195417,0.07310481243392945
kmeans,enzyme,cost,evaluate,10,3,1.1291836666666666,1.131721,1.100712,1.155118,0.027291605931739123
kmeans,enzyme,cost,evaluate,12,3,5.303424833333334,5.3816825,4.7121415,5.8164505,0.5562982910852173
kmeans,enzyme,cost,evaluate,14,3,4.5587565,4.597007,4.4723385,4.606924,0.07500426498039947
kmeans,enzyme,cost,evaluate,16,3,10.724510333333333,10.4571785,10.3043985,11.411954,0.6002245648339324
kmeans,enzyme,cost,evaluate,18,3,10.735790333333332,10.856886,10.188495,11.16199,0.4979169098557843
kmeans,enzyme,cost,evaluate,20,3,50.43519166666667,51.156408,47.483405,52.665762,2.665393173335285
kmeans,enzyme,cost,evaluate,22,3,99.16898383333333,101.034007,94.517943,101.9550015,4.054157537918089
kmeans,enzyme,cost,prepare,0,3,0.0014436666666666667,0.001467,0.001397,0.001467,4.041451884327378e-05
kmeans,enzyme,cost,prepare,2,3,0.0016293333333333333,0.001466,0.001466,0.001956,0.0002829016319029165
kmeans,enzyme,cost,prepare,4,3,0.001606,0.001466,0.001466,0.001886,0.00024248711305964284
kmeans,enzyme,cost,prepare,6,3,0.0014433333333333334,0.001466,0.000908,0.001956,0.0005243675555689285
kmeans,enzyme,cost,prepare,8,3,0.0017230000000000001,0.001886,0.001397,0.001886,0.00028232428163372706
kmeans,enzyme,cost,prepare,10,3,0.0012573333333333334,0.001397,0.000978,0.001397,0.00024190976279045326
kmeans,enzyme,cost,prepare,12,3,0.0014203333333333333,0.001397,0.001397,0.001467,4.041451884327378e-05
kmeans,enzyme,cost,prepare,14,3,0.0014196666666666667,0.001397,0.001396,0.001466,4.012895878705718e-05
kmeans,enzyme,cost,prepare,16,3,0.0014203333333333333,0.001397,0.001397,0.001467,4.041451884327378e-05
kmeans,enzyme,cost,prepare,18,3,0.00142,0.001397,0.000977,0.001886,0.00045493625927156
kmeans,enzyme,cost,prepare,20,3,0.001723,0.001816,0.001467,0.001886,0.00022444821228960593
kmeans,enzyme,cost,prepare,22,3,0.0016063333333333333,0.001466,0.001397,0.001956,0.0003047791550177493
kmeans,enzyme,dir,evaluate,1,3,0.0954855,0.091563,0.087232,0.1076615,0.010764786214783825
kmeans,enzyme,dir,evaluate,3,3,0.185105,0.188225,0.172859,0.194231,0.011022313550248864
kmeans,enzyme,dir,evaluate,5,3,0.9807926666666666,1.028285,0.884341,1.029752,0.08353281405731118
kmeans,enzyme,dir,evaluate,7,3,0.7924168333333333,0.779438,0.7132625,0.88455,0.0863781772213522
kmeans,enzyme,dir,evaluate,9,3,1.8252183333333334,1.872327,1.682635,1.920693,0.1258265579968447
kmeans,enzyme,dir,evaluate,11,3,1.5872778333333333,1.5848915,1.527202,1.64974,0.061303844097114625
kmeans,enzyme,dir,evaluate,13,3,8.566890166666667,8.592463,8.130668,8.9775395,0.42401451830283315
kmeans,enzyme,dir,evaluate,15,3,8.616094,8.8946715,7.8348165,9.118794,0.685823317448634
kmeans,enzyme,dir,evaluate,17,3,17.5167475,17.073531,16.6948095,18.781902,1.111899017579046
kmeans,enzyme,dir,evaluate,19,3,18.195182166666665,17.735913,17.342806,19.5068275,1.1527980693528177
kmeans,enzyme,dir,evaluate,21,3,83.228712,79.846637,77.891606,91.947893,7.6140412748954125
kmeans,enzyme,dir,evaluate,23,3,179.345655,175.802635,170.45131,191.78302,11.098432588493063
kmeans,enzyme,dir,prepare,1,3,0.0028873333333333333,0.002934,0.002445,0.003283,0.0004209445727567149
kmeans,enzyme,dir,prepare,3,3,0.003516,0.003283,0.002864,0.004401,0.0007945495579257473
kmeans,enzyme,dir,prepare,5,3,0.0038176666666666667,0.003841,0.003352,0.00426,0.00045444948380797323
kmeans,enzyme,dir,prepare,7,3,0.009731333333333333,0.009638,0.009149,0.010407,0.0006341721637957105
kmeans,enzyme,dir,prepare,9,3,0.0063096666666666665,0.00475,0.004261,0.009918,0.003134458858133782
kmeans,enzyme,dir,prepare,11,3,0.003329,0.003352,0.003283,0.003352,3.983716857408421e-05
kmeans,enzyme,dir,prepare,13,3,0.070727,0.07068,0.069982,0.071519,0.000769577156625635
kmeans,enzyme,dir,prepare,15,3,0.04854066666666666,0.048541,0.044839,0.052242,0.0037015000112566978
kmeans,enzyme,dir,prepare,17,3,0.005750333333333333,0.005797,0.005238,0.006216,0.0004906672327895287
kmeans,enzyme,dir,prepare,19,3,0.009312,0.009428,0.009079,0.009429,0.00020178453855536105
kmeans,enzyme,dir,prepare,21,3,0.07224,0.069563,0.069074,0.078083,0.005066089912348577
kmeans,enzyme,dir,prepare,23,3,0.028169333333333334,0.026051,0.02179,0.036667,0.007661382664593468
kmeans,jax,cost,evaluate,0,3,0.04998333333333333,0.050076,0.049658,0.050216,0.00029031247533189573
kmeans,jax,cost,evaluate,2,3,0.079038,0.078363,0.076198,0.082553,0.0032308241982503473
kmeans,jax,cost,evaluate,4,3,0.3938165,0.3889855,0.388776,0.403688,0.008549611497021367
kmeans,jax,cost,evaluate,6,3,0.271534,0.271162,0.265888,0.277552,0.005840891370330392
kmeans,jax,cost,evaluate,8,3,0.5150158333333333,0.4436725,0.393281,0.708094,0.1690982248593501
kmeans,jax,cost,evaluate,10,3,0.3236481666666667,0.320156,0.311356,0.3394325,0.014360323258316071
kmeans,jax,cost,evaluate,12,3,5.146118,5.095401,4.9553675,5.3875855,0.22052723289369494
kmeans,jax,cost,evaluate,14,3,5.497656833333333,5.3989695,5.310585,5.783416,0.25138950049789943
kmeans,jax,cost,evaluate,16,3,5.7759426666666664,5.801679,5.592258,5.933891,0.1722644647405068
kmeans,jax,cost,evaluate,18,3,5.509867666666667,5.48526,5.440841,5.603502,0.08407617483171625
kmeans,jax,cost,evaluate,20,3,0.026982333333333334,0.014247,0.012921,0.053779,0.023216062916294255
kmeans,jax,cost,evaluate,22,3,0.01624983333333333,0.016762,0.011524,0.0204635,0.004491703583645445
kmeans,jax,dir,evaluate,1,3,0.083112,0.082693,0.082134,0.084509,0.0012417032656798488
kmeans,jax,dir,evaluate,3,3,0.120827,0.121525,0.118173,0.122783,0.0023829452364668396
kmeans,jax,dir,evaluate,5,3,0.805,0.811181,0.790997,0.812822,0.012154679222422997
kmeans,jax,dir,evaluate,7,3,0.6127833333333333,0.597849,0.591877,0.648624,0.031182226288918716
kmeans,jax,dir,evaluate,9,3,0.9926079999999999,0.878998,0.838874,1.259952,0.23239426541117575
kmeans,jax,dir,evaluate,11,3,0.7077333333333333,0.696815,0.6946495,0.7317355,0.02081466673005679
kmeans,jax,dir,evaluate,13,3,12.590786833333333,12.551395,12.435808,12.7851575,0.17797487375352586
kmeans,jax,dir,evaluate,15,3,12.9465515,12.96123,12.8436165,13.034808,0.09643723964190415
kmeans,jax,dir,evaluate,17,3,13.545633333333333,13.426169,13.3038405,13.9068905,0.31878067825557305
kmeans,jax,dir,evaluate,19,3,13.766090166666666,13.795354,13.675366,13.8275505,0.0802016799455176
kmeans,jax,dir,evaluate,21,3,0.016191666666666667,0.01781,0.012746,0.018019,0.002985864084872808
kmeans,jax,dir,evaluate,23,3,0.013328166666666667,0.013759,0.012257,0.0139685,0.0009335529354746483
kmeans,manual,cost,evaluate,0,3,0.030218000000000002,0.031499,0.027168,0.031987,0.0026526234184293855
kmeans,manual,cost,evaluate,2,3,0.05294033333333333,0.052172,0.049518,0.057131,0.0038642197573809565
kmeans,manual,cost,evaluate,4,3,0.3191198333333333,0.3204,0.3114255,0.325534,0.007140837701791935
kmeans,manual,cost,evaluate,6,3,0.29267316666666665,0.2988195,0.268612,0.310588,0.021652464157303958
kmeans,manual,cost,evaluate,8,3,0.5590390000000001,0.579968,0.510476,0.586673,0.042190200082483593
kmeans,manual,cost,evaluate,10,3,0.554243,0.568235,0.52598,0.568514,0.024476873513584206
kmeans,manual,cost,evaluate,12,3,2.9224823333333334,2.984351,2.691259,3.091837,0.2073318172817026
kmeans,manual,cost,evaluate,14,3,2.9825233333333334,2.9680085,2.9405945,3.038967,0.05076709051229285
kmeans,manual,cost,evaluate,16,3,4.926891333333333,4.959484,4.803877,5.017313,0.11038769389897274
kmeans,manual,cost,evaluate,18,3,4.856455333333334,4.825318,4.810545,4.933503,0.06713283538130436
kmeans,manual,cost,evaluate,20,3,28.523657333333333,27.494368,27.099628,30.976976,2.133784027745389
kmeans,manual,cost,evaluate,22,3,53.575885,55.950818,48.73586,56.040977,4.191827007617201
kmeans,manual,cost,prepare,0,3,0.0012566666666666668,0.001396,0.000977,0.001397,0.0002421989540302215
kmeans,manual,cost,prepare,2,3,0.0014433333333333334,0.001466,0.000908,0.001956,0.0005243675555689285
kmeans,manual,cost,prepare,4,3,0.002095333333333333,0.001467,0.001467,0.003352,0.0010883052574224446
kmeans,manual,cost,prepare,6,3,0.0013966666666666667,0.001397,0.001396,0.001397,5.773502691895772e-07
kmeans,manual,cost,prepare,8,3,0.0015833333333333333,0.001467,0.001397,0.001886,0.0002644434407077123
kmeans,manual,cost,prepare,10,3,0.0014436666666666667,0.001467,0.001397,0.001467,4.041451884327378e-05
kmeans,manual,cost,prepare,12,3,0.0017696666666666666,0.001886,0.001467,0.001956,0.00026444344070771224
kmeans,manual,cost,prepare,14,3,0.001443,0.001466,0.001397,0.001466,3.983716857408421e-05
kmeans,manual,cost,prepare,16,3,0.0015833333333333333,0.001467,0.001397,0.001886,0.0002644434407077123
kmeans,manual,cost,prepare,18,3,0.0013966666666666667,0.001397,0.001396,0.001397,5.773502691895772e-07
kmeans,manual,cost,prepare,20,3,0.0014196666666666667,0.001397,0.001396,0.001466,4.012895878705718e-05
kmeans,manual,cost,prepare,22,3,0.001583,0.001467,0.001397,0.001885,0.00026387118069239767
kmeans,manual,dir,evaluate,1,3,0.055640999999999996,0.054477,0.05329,0.059156,0.0031013966208790532
kmeans,manual,dir,evaluate,3,3,0.099362,0.095334,0.093658,0.109094,0.008469717350655801
kmeans,manual,dir,evaluate,5,3,0.7361353333333334,0.724751,0.720281,0.763374,0.02369501944150571
kmeans,manual,dir,evaluate,7,3,0.38108166666666665,0.38015,0.369744,0.393351,0.011831044515736269
kmeans,manual,dir,evaluate,9,3,0.875028,0.875191,0.872188,0.877705,0.002762109519914082
kmeans,manual,dir,evaluate,11,3,0.7089666666666666,0.711621,0.663779,0.7515,0.04392069642359204
kmeans,manual,dir,evaluate,13,3,4.199521,4.153926,4.125465,4.319172,0.10459339597221222
kmeans,manual,dir,evaluate,15,3,3.353838666666667,3.46193,3.019971,3.579615,0.2950646606090492
kmeans,manual,dir,evaluate,17,3,6.911663,6.61048,6.357652,7.766857,0.7513308742644614
kmeans,manual,dir,evaluate,19,3,6.605637833333334,6.615229,6.3459535,6.855731,0.2550240532480871
kmeans,manual,dir,evaluate,21,3,34.98476866666667,36.965089,30.89114,37.098077,3.5458099494265536
kmeans,manual,dir,evaluate,23,3,58.98374366666667,56.790431,56.230466,63.930334,4.293012595448137
kmeans,manual,dir,prepare,1,3,0.0012806666666666667,0.001467,0.000908,0.001467,0.0003227388004770008
kmeans,manual,dir,prepare,3,3,0.00142,0.001397,0.001396,0.001467,4.07062648740952e-05
kmeans,manual,dir,prepare,5,3,0.001397,0.001397,0.001397,0.001397,0.0
kmeans,manual,dir,prepare,7,3,0.0014203333333333333,0.001397,0.000978,0.001886,0.00045444948380797334
kmeans,manual,dir,prepare,9,3,0.00142,0.001397,0.001396,0.001467,4.07062648740952e-05
kmeans,manual,dir,prepare,11,3,0.0011406666666666666,0.000978,0.000977,0.001467,0.0002826133990689991
kmeans,manual,dir,prepare,13,3,0.0014433333333333334,0.001466,0.001397,0.001467,4.012895878705718e-05
kmeans,manual,dir,prepare,15,3,0.0014663333333333334,0.001466,0.001466,0.001467,5.773502691895772e-07
kmeans,manual,dir,prepare,17,3,0.0015826666666666667,0.001466,0.001396,0.001886,0.0002650157228040128
kmeans,manual,dir,prepare,19,3,0.0016063333333333333,0.001467,0.001466,0.001886,0.0002421989540302215
kmeans,manual,dir,prepare,21,3,0.0016063333333333333,0.001467,0.001466,0.001886,0.0002421989540302215
kmeans,manual,dir,prepare,23,3,0.001606,0.001466,0.001466,0.001886,0.00024248711305964284
kmeans,pytorch,cost,evaluate,0,3,0.12559933333333334,0.122712,0.121106,0.13298,0.006442087342882989
kmeans,pytorch,cost,evaluate,2,3,0.126158,0.126135,0.120617,0.131722,0.005552535727034993
kmeans,pytorch,cost,evaluate,4,3,0.3065833333333333,0.306537,0.303045,0.310168,0.0035617260328853623
kmeans,pytorch,cost,evaluate,6,3,0.27279183333333334,0.27015,0.2674605,0.280765,0.007034692074521335
kmeans,pytorch,cost,evaluate,8,3,0.39860083333333335,0.390417,0.384761,0.4206245,0.019281571618603426
kmeans,pytorch,cost,evaluate,10,3,0.29231233333333334,0.294804,0.285514,0.296619,0.005957059537501159
kmeans,pytorch,cost,evaluate,12,3,13.464213833333334,13.5358955,13.05133,13.805416,0.38211924820804705
kmeans,pytorch,cost,evaluate,14,3,8.4136375,8.4385365,8.347322,8.455054,0.05802168652107593
kmeans,pytorch,cost,evaluate,16,3,10.267946833333333,8.6938445,8.605844,13.504152,2.8029812579769566
kmeans,pytorch,cost,evaluate,18,3,9.597147833333333,8.6771175,8.52556,11.588766,1.726455794481597
kmeans,pytorch,cost,evaluate,20,3,127.52211616666666,127.672055,126.380742,128.5135515,1.0742813091218664
kmeans,pytorch,cost,evaluate,22,3,130.2657245,130.1825635,128.614263,132.000347,1.6945731107582138
kmeans,pytorch,dir,evaluate,1,3,1778.9277763333332,1775.767782,1745.122065,1815.893482,35.49137274306242
kmeans,pytorch,dir,evaluate,3,3,1.0196371666666666,1.0228035,0.986729,1.049379,0.031444790905384254
kmeans,pytorch,dir,evaluate,5,3,3.6996196666666665,3.804232,3.484564,3.810063,0.18626648910722848
kmeans,pytorch,dir,evaluate,7,3,2.442275,2.440075,2.352388,2.534362,0.09100694571844495
kmeans,pytorch,dir,evaluate,9,3,3.6739525,3.634655,3.6017585,3.785444,0.09794544837433751
kmeans,pytorch,dir,evaluate,11,3,2.6007115,2.5957175,2.540368,2.666049,0.06298915356829309
kmeans,pytorch,dir,evaluate,13,3,32.42458466666667,32.261479,31.46549,33.546785,1.0501903699474366
kmeans,pytorch,dir,evaluate,15,3,33.355626666666666,33.576676,32.878116,33.612088,0.41391524497333243
kmeans,pytorch,dir,evaluate,17,3,34.83719966666666,34.473416,34.417437,35.620746,0.6791480357553359
kmeans,pytorch,dir,evaluate,19,3,36.00735816666667,36.078423,35.101819,36.8418325,0.8721808315642383
kmeans,pytorch,dir,evaluate,21,3,437.18831266666666,439.001423,429.733144,442.830371,6.734230882811528
kmeans,pytorch,dir,evaluate,23,3,442.25638466666663,441.398057,439.239917,446.13118,3.524900171822779
lse,codipack,gradient,evaluate,1,3,0.058481,0.059156,0.056223,0.060064,0.0020074957036068583
lse,codipack,gradient,evaluate,3,3,0.11454133333333333,0.119919,0.099246,0.124459,0.013439245378120503
lse,codipack,gradient,evaluate,5,3,0.22973433333333335,0.23921,0.203799,0.246194,0.02273049054317423
lse,codipack,gradient,evaluate,7,3,0.4751015,0.4806185,0.446362,0.498324,0.026416667612513132
lse,codipack,gradient,evaluate,9,3,0.9598406666666667,0.959841,0.91144,1.008241,0.04840050000086083
lse,codipack,gradient,evaluate,11,3,1.9354073333333333,1.990152,1.816699,1.999371,0.10290771978978701
lse,codipack,gradient,evaluate,13,3,4.256855333333333,4.154769,3.949643,4.666154,0.36900300523211627
lse,codipack,gradient,evaluate,15,3,8.7039845,8.759393,8.564393,8.7881675,0.12174289760289862
lse,codipack,gradient,evaluate,17,3,16.485807833333332,16.208057,15.634653,17.6147135,1.0188321942194818
lse,codipack,gradient,evaluate,19,3,32.569384,32.5084815,30.969614,34.2300565,1.6310742349234923
lse,codipack,gradient,prepare,1,3,0.0034693333333333334,0.003353,0.003283,0.003772,0.0002644434407077124
lse,codipack,gradient,prepare,3,3,0.005727,0.005308,0.005238,0.006635,0.0007871295954288597
lse,codipack,gradient,prepare,5,3,0.09077166666666667,0.075988,0.070401,0.125926,0.030572438671675074
lse,codipack,gradient,prepare,7,3,0.14755333333333334,0.149672,0.142129,0.150859,0.004734953678055708
lse,codipack,gradient,prepare,9,3,0.3153373333333333,0.311426,0.293965,0.340621,0.023572642625156265
lse,codipack,gradient,prepare,11,3,0.6561906666666667,0.622643,0.595824,0.750105,0.08243022015215862
lse,codipack,gradient,prepare,13,3,1.4644736666666667,1.453485,1.409345,1.530591,0.0613653911038896
lse,codipack,gradient,prepare,15,3,3.634748333333333,3.542045,3.443637,3.918563,0.25066732411172643
lse,codipack,gradient,prepare,17,3,7.918958666666667,6.858848,6.667061,10.230967,2.0045529335476107
lse,codipack,gradient,prepare,19,3,13.711200666666667,13.578011,13.310237,14.245354,0.4815761273177206
lse,codipack,primal,evaluate,0,3,0.014247666666666667,0.014667,0.012781,0.015295,0.001308407174137062
lse,codipack,primal,evaluate,2,3,0.026609666666666667,0.02626,0.025842,0.027727,0.0009899526924723905
lse,codipack,primal,evaluate,4,3,0.051101,0.049099,0.047283,0.056921,0.005121402542272967
lse,codipack,primal,evaluate,6,3,0.10983866666666667,0.115938,0.09764,0.115938,0.01056435522563177
lse,codipack,primal,evaluate,8,3,0.233296,0.230968,0.219793,0.249127,0.014804917324997122
lse,codipack,primal,evaluate,10,3,0.434488,0.452717,0.394119,0.456628,0.03501522670210774
lse,codipack,primal,evaluate,12,3,0.8246843333333334,0.788937,0.763968,0.921148,0.08446769785150612
lse,codipack,primal,evaluate,14,3,1.6742673333333333,1.603017,1.580597,1.839188,0.14326473334471868
lse,codipack,primal,evaluate,16,3,3.459630833333333,3.43578,3.1816235,3.761489,0.2906675871344848
lse,codipack,primal,evaluate,18,3,6.88583,6.9603285,6.272313,7.4248485,0.579868122564735
lse,codipack,primal,prepare,0,3,0.001443,0.001466,0.001396,0.001467,4.07062648740952e-05
lse,codipack,primal,prepare,2,3,0.0014436666666666667,0.001467,0.001397,0.001467,4.041451884327378e-05
lse,codipack,primal,prepare,4,3,0.0013966666666666667,0.001397,0.001396,0.001397,5.773502691895772e-07
lse,codipack,primal,prepare,6,3,0.0014666666666666667,0.001467,0.001466,0.001467,5.773502691895772e-07
lse,codipack,primal,prepare,8,3,0.0016993333333333333,0.001397,0.001397,0.002304,0.0005236566941549906
lse,codipack,primal,prepare,10,3,0.0016066666666666666,0.001467,0.001467,0.001886,0.00024190976279045326
lse,codipack,primal,prepare,12,3,0.0014433333333333334,0.001466,0.001397,0.001467,4.012895878705718e-05
lse,codipack,primal,prepare,14,3,0.0019086666666666666,0.001885,0.001885,0.001956,4.099186911246336e-05
lse,codipack,primal,prepare,16,3,0.0017456666666666666,0.001885,0.001466,0.001886,0.00024219895403022144
lse,codipack,primal,prepare,18,3,0.0019089999999999999,0.001886,0.001885,0.001956,4.070626487409514e-05
lse,enzyme,gradient,evaluate,1,3,0.030847333333333334,0.030521,0.028636,0.033385,0.0023912591522738235
lse,enzyme,gradient,evaluate,3,3,0.06562833333333333,0.06628,0.061531,0.069074,0.0038134910952214527
lse,enzyme,gradient,evaluate,5,3,0.13139666666666666,0.134796,0.119221,0.140173,0.010881781854702535
lse,enzyme,gradient,evaluate,7,3,0.2624088333333333,0.2699745,0.233902,0.28335,0.025577444361846106
lse,enzyme,gradient,evaluate,9,3,0.4661263333333333,0.471155,0.450412,0.476812,0.013899842313254269
lse,enzyme,gradient,evaluate,11,3,1.0267724999999999,0.997765,0.921148,1.1614045,0.12272682160086278
lse,enzyme,gradient,evaluate,13,3,2.1107579999999997,2.169018,1.948841,2.214415,0.14204949161823835
lse,enzyme,gradient,evaluate,15,3,4.413465666666666,4.598687,3.928622,4.713088,0.4237651861943515
lse,enzyme,gradient,evaluate,17,3,8.821797166666666,8.969129,8.3937345,9.102528,0.3766657115342236
lse,enzyme,gradient,evaluate,19,3,18.404803833333332,18.6677945,16.721608,19.825009,1.568326340327671
lse,enzyme,gradient,prepare,1,3,0.0014203333333333333,0.001467,0.000908,0.001886,0.0004906672327895285
lse,enzyme,gradient,prepare,3,3,0.0012803333333333334,0.001397,0.000977,0.001467,0.0002650157228040128
lse,enzyme,gradient,prepare,5,3,0.0014433333333333334,0.001466,0.001397,0.001467,4.012895878705718e-05
lse,enzyme,gradient,prepare,7,3,0.001397,0.001397,0.001397,0.001397,0.0
lse,enzyme,gradient,prepare,9,3,0.0012573333333333334,0.001397,0.000908,0.001467,0.00030454939391391563
lse,enzyme,gradient,prepare,11,3,0.00142,0.001467,0.000978,0.001815,0.00042047473170215595
lse,enzyme,gradient,prepare,13,3,0.0017686666666666667,0.001466,0.001466,0.002374,0.00052423404442418
lse,enzyme,gradient,prepare,15,3,0.0017693333333333335,0.001886,0.001467,0.001955,0.0002640915245390003
lse,enzyme,gradient,prepare,17,3,0.0017226666666666666,0.001885,0.001397,0.001886,0.00028203604970523417
lse,enzyme,gradient,prepare,19,3,0.0017693333333333333,0.001467,0.001466,0.002375,0.0005245229578706096
lse,enzyme,primal,evaluate,0,3,0.01604066666666667,0.016483,0.014458,0.017181,0.0014143642859367354
lse,enzyme,primal,evaluate,2,3,0.030218333333333333,0.029613,0.028076,0.032966,0.0025005692018685143
lse,enzyme,primal,evaluate,4,3,0.06432466666666667,0.063836,0.062928,0.06621,0.0016946909256065968
lse,enzyme,primal,evaluate,6,3,0.119989,0.113354,0.112935,0.133678,0.011856872732723412
lse,enzyme,primal,evaluate,8,3,0.25732133333333335,0.26966,0.228174,0.27413,0.025341083349638655
lse,enzyme,primal,evaluate,10,3,0.4855893333333333,0.456558,0.444615,0.555595,0.06092006103356537
lse,enzyme,primal,evaluate,12,3,0.9744263333333333,0.97786,0.906586,1.038833,0.06619033012709127
lse,enzyme,primal,evaluate,14,3,1.8944915,1.8059785,1.697653,2.179843,0.25298757361133367
lse,enzyme,primal,evaluate,16,3,3.6348185,3.633154,3.4943075,3.776994,0.141350600425856
lse,enzyme,primal,evaluate,18,3,8.756925666666667,8.788448,8.547143,8.935186,0.19593260470461085
lse,enzyme,primal,prepare,0,3,0.0014433333333333334,0.001466,0.001397,0.001467,4.012895878705718e-05
lse,enzyme,primal,prepare,2,3,0.0014433333333333334,0.001466,0.001397,0.001467,4.012895878705718e-05
lse,enzyme,primal,prepare,4,3,0.0011173333333333332,0.000978,0.000977,0.001397,0.0002421989540302215
lse,enzyme,primal,prepare,6,3,0.0014433333333333334,0.001467,0.001396,0.001467,4.099186911246336e-05
lse,enzyme,primal,prepare,8,3,0.001443,0.001466,0.001396,0.001467,4.07062648740952e-05
lse,enzyme,primal,prepare,10,3,0.0014663333333333334,0.001466,0.001466,0.001467,5.773502691895772e-07
lse,enzyme,primal,prepare,12,3,0.001234,0.001397,0.000908,0.001397,0.00028232428163372706
lse,enzyme,primal,prepare,14,3,0.0016063333333333333,0.001467,0.001466,0.001886,0.0002421989540302215
lse,enzyme,primal,prepare,16,3,0.00156,0.001397,0.001397,0.001886,0.00028232428163372706
lse,enzyme,primal,prepare,18,3,0.0017453333333333333,0.001885,0.001466,0.001885,0.00024190976279045312
lse,jax,gradient,evaluate,1,3,0.038879000000000004,0.039391,0.037156,0.04009,0.0015325459210085678
lse,jax,gradient,evaluate,3,3,0.06006433333333333,0.059576,0.056712,0.063905,0.0036212793779731153
lse,jax,gradient,evaluate,5,3,0.103599,0.100502,0.098827,0.111468,0.0068660233760161355
lse,jax,gradient,evaluate,7,3,0.175676,0.179075,0.165525,0.182428,0.008949455458294658
lse,jax,gradient,evaluate,9,3,0.339316,0.336918,0.336149,0.344881,0.004834744977762534
lse,jax,gradient,evaluate,11,3,0.6710653333333333,0.698175,0.605392,0.709629,0.05716238765423754
lse,jax,gradient,evaluate,13,3,1.4199588333333333,1.3026925,1.267493,1.689691,0.23425697962085004
lse,jax,gradient,evaluate,15,3,3.821069,3.769022,3.63036,4.063825,0.22136992617110365
lse,jax,gradient,evaluate,17,3,8.29733,8.0799495,8.032766,8.7792745,0.41804239794337816
lse,jax,gradient,evaluate,19,3,16.780394333333334,16.70375,15.7727305,17.8647025,1.0480899186472903
lse,jax,primal,evaluate,0,3,0.035269999999999996,0.034781,0.034362,0.036667,0.0012278424165991337
lse,jax,primal,evaluate,2,3,0.051846333333333335,0.052452,0.04861,0.054477,0.0029800245524715606
lse,jax,primal,evaluate,4,3,0.095474,0.094915,0.093728,0.097779,0.002082549159083646
lse,jax,primal,evaluate,6,3,0.15702833333333333,0.164967,0.140801,0.165317,0.014054372463163666
lse,jax,primal,evaluate,8,3,0.2870973333333333,0.2962,0.258206,0.306886,0.025584751422152486
lse,jax,primal,evaluate,10,3,0.5660695,0.590583,0.5039095,0.603716,0.054231154535469735
lse,jax,primal,evaluate,12,3,1.0010456666666667,0.996854,0.993293,1.01299,0.0104962138094331
lse,jax,primal,evaluate,14,3,2.342874,2.2003075,2.145964,2.6823505,0.29524824222550416
lse,jax,primal,evaluate,16,3,5.6095714999999995,5.074858,4.4886155,7.265241,1.4635064697924125
lse,jax,primal,evaluate,18,3,12.635832166666667,13.7579205,9.9919415,14.1576345,2.298382303581007
lse,manual,gradient,evaluate,1,3,0.014923,0.015435,0.01334,0.015994,0.001399120080622104
lse,manual,gradient,evaluate,3,3,0.027797333333333334,0.027658,0.025702,0.030032,0.0021683600562022293
lse,manual,gradient,evaluate,5,3,0.05810866666666667,0.060623,0.052661,0.061042,0.004722466975356561
lse,manual,gradient,evaluate,7,3,0.12247966666666667,0.122573,0.121595,0.123271,0.0008418891455134355
lse,manual,gradient,evaluate,9,3,0.24335333333333334,0.243959,0.242003,0.244098,0.0011714863777839465
lse,manual,gradient,evaluate,11,3,0.43642000000000003,0.418424,0.403617,0.487219,0.044611832656818756
lse,manual,gradient,evaluate,13,3,0.8778226666666666,0.871141,0.793616,0.968711,0.08773852208883696
lse,manual,gradient,evaluate,15,3,1.9643570000000001,2.036388,1.795781,2.060902,0.14650472648006957
lse,manual,gradient,evaluate,17,3,4.072786333333333,4.0932035,3.969024,4.1561315,0.09521002919904667
lse,manual,gradient,evaluate,19,3,8.0259795,7.9474775,7.834751,8.29571,0.24029715546225255
lse,manual,gradient,prepare,1,3,0.00142,0.001397,0.001397,0.001466,3.983716857408421e-05
lse,manual,gradient,prepare,3,3,0.001583,0.001397,0.001396,0.001956,0.0003230278625753511
lse,manual,gradient,prepare,5,3,0.0012573333333333334,0.001397,0.000978,0.001397,0.00024190976279045326
lse,manual,gradient,prepare,7,3,0.0014436666666666667,0.001467,0.001397,0.001467,4.041451884327378e-05
lse,manual,gradient,prepare,9,3,0.00156,0.001397,0.001397,0.001886,0.00028232428163372706
lse,manual,gradient,prepare,11,3,0.001583,0.001466,0.001397,0.001886,0.00026466393785327084
lse,manual,gradient,prepare,13,3,0.0015826666666666667,0.001466,0.001396,0.001886,0.0002650157228040128
lse,manual,gradient,prepare,15,3,0.0018856666666666668,0.001886,0.001885,0.001886,5.773502691897024e-07
lse,manual,gradient,prepare,17,3,0.0020483333333333334,0.001885,0.001816,0.002444,0.0003443897985326124
lse,manual,gradient,prepare,19,3,0.0019323333333333334,0.001955,0.001886,0.001956,4.012895878705712e-05
lse,manual,primal,evaluate,0,3,0.013200333333333333,0.01327,0.012921,0.01341,0.0002518339399948572
lse,manual,primal,evaluate,2,3,0.02670233333333333,0.025771,0.025771,0.028565,0.001613116652115815
lse,manual,primal,evaluate,4,3,0.057387,0.058178,0.055246,0.058737,0.0018751082635410654
lse,manual,primal,evaluate,6,3,0.10909366666666667,0.114052,0.095754,0.117475,0.011678581349347754
lse,manual,primal,evaluate,8,3,0.20940966666666666,0.201075,0.193672,0.233482,0.021173309291023287
lse,manual,primal,evaluate,10,3,0.4374446666666667,0.43358,0.414793,0.463961,0.02481077976068735
lse,manual,primal,evaluate,12,3,0.8308646666666667,0.819108,0.766866,0.90662,0.07061486767907542
lse,manual,primal,evaluate,14,3,1.7158235,1.8085275,1.510127,1.828816,0.1784269973749769
lse,manual,primal,evaluate,16,3,3.748625833333333,3.7328875,3.713507,3.799483,0.04509700096551139
lse,manual,primal,evaluate,18,3,6.506529166666667,6.433649,6.411963,6.6739755,0.14541759370545002
lse,manual,primal,prepare,0,3,0.001397,0.001397,0.001397,0.001397,0.0
lse,manual,primal,prepare,2,3,0.0015596666666666667,0.001397,0.001397,0.001885,0.00028174693136453734
lse,manual,primal,prepare,4,3,0.0014663333333333334,0.001466,0.001466,0.001467,5.773502691895772e-07
lse,manual,primal,prepare,6,3,0.00142,0.001397,0.000978,0.001885,0.000453937220328979
lse,manual,primal,prepare,8,3,0.0012806666666666667,0.001397,0.000978,0.001467,0.0002644434407077123
lse,manual,primal,prepare,10,3,0.001257,0.001396,0.000978,0.001397,0.0002416216049942555
lse,manual,primal,prepare,12,3,0.0014426666666666667,0.001466,0.001396,0.001466,4.041451884327378e-05
lse,manual,primal,prepare,14,3,0.001746,0.001886,0.001396,0.001956,0.00030512292604784703
lse,manual,primal,prepare,16,3,0.004912333333333334,0.001956,0.001816,0.010965,0.005242230473122423
lse,manual,primal,prepare,18,3,0.001746,0.001467,0.001396,0.002375,0.0005458855191338198
lse,pytorch,gradient,evaluate,1,3,0.205778,0.206034,0.190879,0.220421,0.014772663706996115
lse,pytorch,gradient,evaluate,3,3,0.211249,0.210923,0.204707,0.218117,0.006710941215656715
lse,pytorch,gradient,evaluate,5,3,0.25422500000000003,0.256181,0.246542,0.259952,0.0069156689481206365
lse,pytorch,gradient,evaluate,7,3,0.3090395,0.3198415,0.286213,0.321064,0.01977777675195067
lse,pytorch,gradient,evaluate,9,3,0.4164103333333333,0.406935,0.402151,0.440145,0.02069353680097566
lse,pytorch,gradient,evaluate,11,3,0.6912855,0.662453,0.661649,0.7497545,0.05063723506225433
lse,pytorch,gradient,evaluate,13,3,1.6981638333333333,1.6687375,1.608044,1.81771,0.10788600330480003
lse,pytorch,gradient,evaluate,15,3,3.74782,3.701142,3.579757,3.962561,0.19562426323695134
lse,pytorch,gradient,evaluate,17,3,8.372217333333333,8.404135,7.67879,9.033727,0.678032168540943
lse,pytorch,gradient,evaluate,19,3,18.789934666666667,18.910447,18.512907,18.94645,0.24058740631282785
lse,pytorch,primal,evaluate,0,3,0.025725333333333333,0.025283,0.024724,0.027169,0.0012811129276271206
lse,pytorch,primal,evaluate,2,3,0.029962333333333334,0.029544,0.029543,0.0308,0.0007254407855458182
lse,pytorch,primal,evaluate,4,3,0.041184,0.04009,0.039112,0.04435,0.0027851010753651294
lse,pytorch,primal,evaluate,6,3,0.057200666666666664,0.056781,0.056223,0.058598,0.0012418721082838313
lse,pytorch,primal,evaluate,8,3,0.08604566666666667,0.086465,0.084928,0.086744,0.0009779285931668686
lse,pytorch,primal,evaluate,10,3,0.13193166666666667,0.133189,0.12823,0.134376,0.0032602138477917804
lse,pytorch,primal,evaluate,12,3,0.188085,0.188644,0.186688,0.188923,0.0012178534394581392
lse,pytorch,primal,evaluate,14,3,0.2116215,0.210295,0.208618,0.2159515,0.0038424936239374497
lse,pytorch,primal,evaluate,16,3,2.3227736666666665,2.3968065,2.0919105,2.479604,0.20417445431317635
lse,pytorch,primal,evaluate,18,3,5.6009405,5.585971,5.5826185,5.634232,0.02887997218229279
